;TIPO;DIRECCION;IDENTIFICADOR;CODIGO,N,8,0;CODNDP,N,19,0;AREA;PERIMETRO;DISTRITO;BARRIO;LATITUD;LONGITUD;closestStation
0;AREA DE MAYORES;CALLE CANARIAS 17;3485;402001;11010094;295,346;69,12;ARGANZUELA;PALOS DE MOGUER;40.402190999999995;-3.695649;28079047
1;AREA DE MAYORES;CALLE GASOMETRO 32;9969;402003;31044316;58,122;28,62;ARGANZUELA;ACACIAS;40.402437;-3.707992;28079047
2;AREA DE MAYORES;RONDA SEGOVIA 48;9972;402002;20184196;57,992;31,28;ARGANZUELA;IMPERIAL;40.407153;-3.7136620000000002;28079035
3;AREA DE MAYORES;CALLE TEJO 5;12215;402004;20139391;0;0;ARGANZUELA;ATOCHA;40.39705;-3.67765;28079047
4;AREA DE MAYORES;CALLE PUERTO DE BEJAR 3;12883;402007;20000289;0;0;ARGANZUELA;LEGAZPI;40.387563;-3.6883150000000002;28079047
5;AREA DE MAYORES;CALLE PARROCO EUSEBIO CUENCA 13;12828;402005;31041801;0;0;ARGANZUELA;DELICIAS;40.395039000000004;-3.687989;28079047
6;AREA DE MAYORES;PASEO JUAN ANTONIO VALLEJO-NAJERA BOTAS 15;12914;402006;31041998;0;0;ARGANZUELA;ACACIAS;40.401084999999995;-3.705137;28079047
7;AREA DE MAYORES;CALLE BAHIA DE SANTA POLA 56;13102;494001;20148724;0;0;BARAJAS;CORRALEJOS;40.467467;-3.5931339999999996;28079055
8;AREA DE MAYORES;CALLE BERGANTIN 26;13229;9900012;31043159;0;0;BARAJAS;ALAMEDA DE OSUNA;40.459246;-3.582808;28079055
9;AREA DE MAYORES;CALLE ACUARIO 27;7505;421007;11140825;77,852;40.8;BARAJAS;CASCO HISTï¿½RICO DE BARAJAS;40.474591;-3.5799730000000003;28079027
10;AREA DE MAYORES;CALLE NORAY 3;11035;421004;20047389;0;0;BARAJAS;ALAMEDA DE OSUNA;40.450905;-3.5967589999999996;28079055
11;AREA DE MAYORES;CALLE PRADOLUENGO 123;11023;421005;11140190;0;0;BARAJAS;AEROPUERTO;40.451065;-3.583397;28079055
12;AREA DE MAYORES;CALLE AYERBE 12;4873;421002;11140553;83,665;36,42;BARAJAS;CASCO HISTï¿½RICO DE BARAJAS;40.468351;-3.5807269999999995;28079055
13;AREA DE MAYORES;CALLE ALAS 2;7256;421006;11141161;77,852;40.8;BARAJAS;TIMï¿½N;40.47197;-3.5849900000000003;28079027
14;AREA DE MAYORES;CALLE BAHIA DE SANTOA 6;9952;421003;31008417;122,621;44,25;BARAJAS;CORRALEJOS;40.465949;-3.589778;28079055
15;AREA DE MAYORES;CALLE CARABELA 7;4825;421004;20107539;0;0;BARAJAS;ALAMEDA DE OSUNA;40.455161;-3.58711;28079055
16;AREA DE MAYORES;PLAZA SAN VICENTE DE PAUL 5;13065;411015;11079239;0;0;CARABANCHEL;ABRANTES;40.385425;-3.7263349999999997;28079056
17;AREA DE MAYORES;CALLE ANTONIO DE LEYVA 35;8101;411001;31044608;106,466;41,33;CARABANCHEL;COMILLAS;40.392251;-3.7146169999999996;28079056
18;AREA DE MAYORES;AVENIDA NUESTRA SEORA DE VALVANERA 117;9863;411010;11074192;724,916;107,99;CARABANCHEL;VISTA ALEGRE;40.392487;-3.740672;28079018
19;AREA DE MAYORES;CALLE PORTALEGRE 73;3613;411004;11070164;97,347;44,15;CARABANCHEL;OPAï¿½EL;40.38576;-3.7231050000000003;28079056
20;AREA DE MAYORES;PLAZA CANTORIA 1;10079;411007;20021306;53,433;40.12;CARABANCHEL;OPAï¿½EL;40.392685;-3.7227870000000003;28079018
21;AREA DE MAYORES;CALLE NUESTRA SEORA DE LA LUZ 9;2950;411006;20168099;0;0;CARABANCHEL;VISTA ALEGRE;40.382744;-3.742658;28079018
22;AREA DE MAYORES;CALLE GENERAL RICARDOS 126;4217;411013;31028689;0;0;CARABANCHEL;SAN ISIDRO;40.391785999999996;-3.7271769999999997;28079018
23;AREA DE MAYORES;CALLE GENERAL RICARDOS 155;11028;411009;31028659;0;0;CARABANCHEL;OPAï¿½EL;40.38823;-3.731388;28079018
24;AREA DE MAYORES;CALLE PARQUE EUGENIA DE MONTIJO 1;2868;411003;31044609;131,286;45,2;CARABANCHEL;VISTA ALEGRE;40.378912;-3.754322;28079018
25;AREA DE MAYORES;CALLE PARQUE EUGENIA DE MONTIJO 42;2892;411008;11074955;0;0;CARABANCHEL;VISTA ALEGRE;40.379394;-3.751497;28079018
26;AREA DE MAYORES;CALLE MONSEOR OSCAR ROMERO 77;2925;411012;31050695;0;0;CARABANCHEL;VISTA ALEGRE;40.382037;-3.750512;28079018
27;AREA DE MAYORES;CALLE VIA LUSITANA 1;4090;411011;11078650;194,696;55,25;CARABANCHEL;ABRANTES;40.382536;-3.720394;28079056
28;AREA DE MAYORES;CALLE VIA LUSITANA 19;8254;411002;20024802;229,346;61,56;CARABANCHEL;ABRANTES;40.376863;-3.726489;28079056
29;AREA DE MAYORES;CALLE CARONTE 16;4198;411005;31014178;0;0;CARABANCHEL;SAN ISIDRO;40.397428999999995;-3.725521;28079018
30;AREA DE MAYORES;CALLE MARQUES DE LA ENSENADA 1;13193;401008;20128851;0;0;CENTRO;JUSTICIA;40.424226000000004;-3.694418;28079035
31;AREA DE MAYORES;CUESTA SANTO DOMINGO 22;5619;401004;11000189;0;0;CENTRO;PALACIO;40.4201;-3.708452;28079035
32;AREA DE MAYORES;PLAZA SANTA MARIA SOLEDAD TORRES ACOSTA 1;5629;401002;31037270;3,499;11,98;CENTRO;UNIVERSIDAD;40.420897;-3.704868;28079035
33;AREA DE MAYORES;GLORIETA PUERTA DE TOLEDO 1;5567;401005;20105763;137,696;47,7;CENTRO;EMBAJADORES;40.407288;-3.7107099999999997;28079035
34;AREA DE MAYORES;CALLE EMBAJADORES 66;5544;401006;31047998;223,688;59,8;CENTRO;EMBAJADORES;40.4067;-3.7042089999999996;28079035
35;AREA DE MAYORES;PLAZA SANTA BARBARA 7;7341;401007;20103471;60,641;31,59;CENTRO;JUSTICIA;40.427175;-3.696187;28079035
36;AREA DE MAYORES;PLAZA SANTA BARBARA 8;10126;401003;11005154;143,587;47,92;CENTRO;JUSTICIA;40.427119;-3.7037720000000003;28079004
37;AREA DE MAYORES;PLAZA COMENDADORAS 9;5608;401001;11006381;169,407;53,43;CENTRO;UNIVERSIDAD;40.427238;-3.70919;28079004
38;AREA DE MAYORES;CALLE SEGOVIA 30;12983;9900015;31047537;0;0;CENTRO;PALACIO;40.414221999999995;-3.7199470000000003;28079004
39;AREA DE MAYORES;CALLE VICTOR DE LA SERNA 25;12834;405008;11025171;0;0;CHAMARTï¿½N;HISPANOAMï¿½RICA;40.455353;-3.672315;28079011
40;AREA DE MAYORES;PLAZA ANDRES MANJON 7;12910;405006;11027371;0;0;CHAMARTï¿½N;CASTILLA;40.478305;-3.685125;28079050
41;AREA DE MAYORES;CALLE PUENTEAREAS 20;13199;405007;31021351;0;0;CHAMARTï¿½N;PROSPERIDAD;40.444119;-3.668846;28079011
42;AREA DE MAYORES;CALLE PECHUAN 1;13259;405009;20103056;0;0;CHAMARTï¿½N;CIUDAD JARDï¿½N;40.444786;-3.67708;28079011
43;AREA DE MAYORES;CALLE SANTA RITA 1;9148;405001;31026122;120,869;45,92;CHAMARTï¿½N;PROSPERIDAD;40.446069;-3.668712;28079011
44;AREA DE MAYORES;CALLE PADRE CLARET 38;10541;405004;31041818;28,607;22,77;CHAMARTï¿½N;PROSPERIDAD;40.452014;-3.664647;28079011
45;AREA DE MAYORES;CALLE VINAROZ 29;11026;405005;11024027;0;0;CHAMARTï¿½N;CIUDAD JARDï¿½N;40.448127;-3.6772089999999995;28079011
46;AREA DE MAYORES;CALLE DOCTOR MARCO CORERA 2;3212;405003;31052956;0;0;CHAMARTï¿½N;CIUDAD JARDï¿½N;40.449845;-3.676109;28079011
47;AREA DE MAYORES;PASEO CASTELLANA 300;6938;405002;20151190;198,412;61,21;CHAMARTï¿½N;CASTILLA;40.480318;-3.6851510000000003;28079050
48;AREA DE MAYORES;CALLE RODRIGUEZ SAN PEDRO 3;13057;407006;31041841;0;0;CHAMBERI;ARAPILES;40.43132;-3.707128;28079004
49;AREA DE MAYORES;CALLE RAIMUNDO FERNANDEZ VILLAVERDE 28;3596;407004;31047945;142,944;48,13;CHAMBERI;RIOS ROSAS;40.446315000000006;-3.699319;28079038
50;AREA DE MAYORES;CALLE BRAVO MURILLO 49;3991;407002;31044176;171,295;52,76;CHAMBERI;VALLEHERMOSO;40.438962;-3.7049220000000003;28079038
51;AREA DE MAYORES;CALLE BLASCO DE GARAY 38;5603;407003;31008009;67,479;37,43;CHAMBERI;ARAPILES;40.43353;-3.7114540000000003;28079004
52;AREA DE MAYORES;PLAZA OLAVIDE 17;3905;407001;31048931;91,926;39,41;CHAMBERI;TRAFALGAR;40.432941;-3.701222;28079048
53;AREA DE MAYORES;CALLE DOMENICO SCARLATTI 2;12216;407005;11042753;0;0;CHAMBERI;VALLEHERMOSO;40.442;-3.716131;28079038
54;AREA DE MAYORES;CALLE EZEQUIEL SOLANA 41;13190;9920002;11105576;0;0;CIUDAD LINEAL;PUEBLO NUEVO;40.431084999999996;-3.644975;28079016
55;AREA DE MAYORES;CALLE MISTERIOS 13;13256;9900003;11108210;0;0;CIUDAD LINEAL;QUINTANA;40.438838;-3.640072;28079016
56;AREA DE MAYORES;CALLE JAZMIN 3;13257;9900010;20134674;0;0;CIUDAD LINEAL;COSTILLARES;40.478015;-3.6678019999999996;28079057
57;AREA DE MAYORES;CALLE DOCTOR CIRAJAS 1;8228;415002;31032470;188,234;54,36;CIUDAD LINEAL;PUEBLO NUEVO;40.435646999999996;-3.6382190000000003;28079016
58;AREA DE MAYORES;CALLE JOSE DEL HIERRO 3;3318;415003;20094445;221,809;59,02;CIUDAD LINEAL;CONCEPCIï¿½N;40.436106;-3.6510540000000002;28079016
59;AREA DE MAYORES;AVENIDA MARQUES DE CORBERA 4;5902;415001;20167853;66,448;32,64;CIUDAD LINEAL;VENTAS;40.421805;-3.656387;28079036
60;AREA DE MAYORES;CALLE SAN BALDOMERO 16;12214;415004;11107039;0;0;CIUDAD LINEAL;PUEBLO NUEVO;40.423438;-3.6381669999999997;28079036
61;AREA DE MAYORES;PASEO VAGUADA 13;11024;408002;20095218;436,863;99,22;FUENCARRAL - ELPARDO;PILAR;40.479481;-3.710376;28079039
62;AREA DE MAYORES;PLAZA TRES OLIVOS 26;13060;408013;20150231;0;0;FUENCARRAL - ELPARDO;VALVERDE;40.500923;-3.6902230000000005;28079060
63;AREA DE MAYORES;CALLE ANTONIO LOPEZ AGUADO 3;13186;408011;11046923;0;0;FUENCARRAL - ELPARDO;LA PAZ;40.481727;-3.7012940000000003;28079039
64;AREA DE MAYORES;CALLE FERMIN CABALLERO 17;13187;408012;31033930;0;0;FUENCARRAL - ELPARDO;LA PAZ;40.485826;-3.701228;28079039
65;AREA DE MAYORES;PLAZA FONSAGRADA 6;2651;408004;31045309;0;0;FUENCARRAL - ELPARDO;PILAR;40.476686;-3.708367;28079039
66;AREA DE MAYORES;CALLE MADERUELO 15;8104;408003;11047736;75,176;40.88;FUENCARRAL - ELPARDO;VALVERDE;40.492388;-3.6878279999999997;28079060
67;AREA DE MAYORES;CALLE FRESNEDILLAS 12;4502;408005;20167454;157,49;48,83;FUENCARRAL - ELPARDO;FUENTELAREINA;40.479192;-3.7399489999999997;28079039
68;AREA DE MAYORES;CALLE GABRIELA MISTRAL 12;10034;408006;11051271;112,008;42,29;FUENCARRAL - ELPARDO;PEï¿½AGRANDE;40.481998;-3.737518;28079039
69;AREA DE MAYORES;CALLE MIRADOR DE LA REINA 137;6279;408007;31049540;49,015;28,99;FUENCARRAL - ELPARDO;MIRASIERRA;40.490879;-3.716653;28079039
70;AREA DE MAYORES;CALLE MARIA DE MAEZTU 120;5144;408008;31050035;212,925;58,32;FUENCARRAL - ELPARDO;MIRASIERRA;40.494593;-3.723349;28079039
71;AREA DE MAYORES;CALLE MANUEL ALONSO 8;11031;408001;31051877;0;0;FUENCARRAL - ELPARDO;EL PARDO;40.51818;-3.774308;28079058
72;AREA DE MAYORES;CALLE GARITA 2;12672;408094;11043235;0;0;FUENCARRAL - ELPARDO;EL PARDO;40.533219;-3.7824459999999998;28079058
73;AREA DE MAYORES;CALLE SAN MODESTO 3;12651;408010;20117779;0;0;FUENCARRAL - ELPARDO;VALVERDE;40.483408000000004;-3.685508;28079060
74;AREA DE MAYORES;CALLE JOAQUIN LORENZO 33;13055;408014;20158010;0;0;FUENCARRAL - ELPARDO;PEï¿½AGRANDE;40.474086;-3.726043;28079039
75;AREA DE MAYORES;CALLE OA 10;13067;9900006;20135901;0;0;HORTALEZA;VALDEFUENTES;40.489344;-3.665986;28079057
76;AREA DE MAYORES;CALLE DOA GUIOMAR 2;13068;9900008;20155578;0;0;HORTALEZA;APOSTOL SANTIAGO;40.476688;-3.6552919999999998;28079057
77;AREA DE MAYORES;CALLE BACARES 22;6697;416009;31041741;288,508;69,19;HORTALEZA;APOSTOL SANTIAGO;40.477092;-3.661975;28079057
78;AREA DE MAYORES;CALLE MAR ADRIATICO 7;6905;416003;20076191;200,573;63,34;HORTALEZA;PINAR DEL REY;40.471175;-3.6408169999999997;28079059
79;AREA DE MAYORES;CALLE ANDORRA 28;9826;416007;20000190;107,093;40.1;HORTALEZA;CANILLAS;40.459340999999995;-3.643322;28079016
80;AREA DE MAYORES;CALLE MIGUEL RIESCO 16;9833;416006;20087335;79,436;41,08;HORTALEZA;CANILLAS;40.463318;-3.631836;28079059
81;AREA DE MAYORES;CALLE ACONCAGUA 4;9839;416008;31017762;43,901;30,85;HORTALEZA;CANILLAS;40.468117;-3.629679;28079059
82;AREA DE MAYORES;CALLE MAR DE LAS ANTILLAS 8;9844;416005;31012935;101,472;40.94;HORTALEZA;PINAR DEL REY;40.475215999999996;-3.645489;28079057
83;AREA DE MAYORES;CALLE FRANCISCO UMBRAL 41;5689;416001;31042729;198,129;53,36;HORTALEZA;VALDEFUENTES;40.480128;-3.626561;28079059
84;AREA DE MAYORES;CALLE MORERUELA 45;9850;416002;20085886;284,084;70,64;HORTALEZA;VALDEFUENTES;40.483532000000004;-3.631583;28079057
85;AREA DE MAYORES;CALLE JULIO DANVILA 15;6703;416004;31011578;52,57;29,58;HORTALEZA;APOSTOL SANTIAGO;40.472248;-3.663554;28079050
86;AREA DE MAYORES;AVENIDA PADRE PIQUER 23;10035;410007;11065608;72,063;47,72;LATINA;ALUCHE;40.392352;-3.767085;28079018
87;AREA DE MAYORES;CALLE CEBREROS 50;13063;410014;11063107;0;0;LATINA;LUCERO;40.404635;-3.746826;28079024
88;AREA DE MAYORES;CALLE ROMPEDIZO 15;13064;9900004;31008043;0;0;LATINA;AGUILAS;40.375813;-3.760942;28079018
89;AREA DE MAYORES;CARRETERA BOADILLA DEL MONTE 34;13255;401012;11066400;0;0;LATINA;CAMPAMENTO;40.399706;-3.7739300000000005;28079024
90;AREA DE MAYORES;AVENIDA LAS AGUILAS 110;5248;410005;31045343;112,964;42,87;LATINA;AGUILAS;40.381493;-3.778778;28079018
91;AREA DE MAYORES;CALLE CASTROSERNA 4;7122;410004;31017760;180,365;53,86;LATINA;LUCERO;40.401666;-3.749247;28079018
92;AREA DE MAYORES;PLAZA CUACOS DE YUSTE 1;7823;410009;20052437;109,798;45,32;LATINA;AGUILAS;40.378329;-3.780714;28079018
93;AREA DE MAYORES;CALLE MARCELINO CASTILLO 29;9869;410002;31041698;61,637;31,84;LATINA;ALUCHE;40.393239;-3.745828;28079018
94;AREA DE MAYORES;CALLE VALMOJADO 12;3244;410008;31044416;62,457;31,65;LATINA;ALUCHE;40.390283000000004;-3.759007;28079018
95;AREA DE MAYORES;CALLE QUERO 59;3243;410001;11065361;110,793;43,05;LATINA;ALUCHE;40.390653;-3.759897;28079018
96;AREA DE MAYORES;CALLE CARAMUEL 53;9888;410003;31041297;87,983;37,84;LATINA;PUERTA DEL ANGEL;40.408204;-3.7290080000000003;28079018
97;AREA DE MAYORES;PASEO LANCEROS 2;13011;410011;11066920;0;0;LATINA;CAMPAMENTO;40.379526;-3.7933120000000002;28079018
98;AREA DE MAYORES;AVENIDA AVIACION 73;12935;410013;11068076;0;0;LATINA;AGUILAS;40.374802;-3.775025;28079018
99;AREA DE MAYORES;CALLE RAFAEL FINAT 44;11029;410010;31035960;0;0;LATINA;AGUILAS;40.379373;-3.7709099999999998;28079018
100;AREA DE MAYORES;CALLE ESCULTOR PERESEJO 70;11032;409008;20063785;0;0;MONCLOA - ARAVACA;ARAVACA;40.453383;-3.789886;28079024
101;AREA DE MAYORES;CALLE VIRGEN DE LOS ROSALES 102;11033;409009;20102242;226,693;61,17;MONCLOA - ARAVACA;ARAVACA;40.453343;-3.7830199999999996;28079024
102;AREA DE MAYORES;CALLE CAROLI 4;11034;409003;11056909;0;0;MONCLOA - ARAVACA;ARAVACA;40.458971000000005;-3.7845980000000004;28079024
103;AREA DE MAYORES;AVENIDA DOCTOR FEDERICO RUBIO Y GALI 63;13258;409014;31041696;0;0;MONCLOA - ARAVACA;CIUDAD UNIVERSITARIA;40.453401;-3.7142239999999997;28079038
104;AREA DE MAYORES;CALLE VALDERREY 40;3763;409011;11054879;73,548;38,55;MONCLOA - ARAVACA;VALDEZARZA;40.467487;-3.720136;28079039
105;AREA DE MAYORES;CALLE ANICETO MARINAS 98;3062;409999;31033213;81,154;37,32;MONCLOA - ARAVACA;CASA DE CAMPO;40.428215;-3.730631;28079004
106;AREA DE MAYORES;CALLE ALCALDE MARTIN DE ALZAGA 19;9315;409007;31001534;83,073;36,56;MONCLOA - ARAVACA;VALDEZARZA;40.463178000000006;-3.7165489999999997;28079039
107;AREA DE MAYORES;CALLE VALDERREY 52;10108;409006;31045356;80,805;36,27;MONCLOA - ARAVACA;VALDEZARZA;40.466528000000004;-3.7185660000000005;28079039
108;AREA DE MAYORES;CALLE VALDERROMAN 24;10116;409012;31050681;43,023;31,42;MONCLOA - ARAVACA;VALDEZARZA;40.470438;-3.721022;28079039
109;AREA DE MAYORES;AVENIDA VALLADOLID 4;12847;409013;31041694;0;0;MONCLOA - ARAVACA;CASA DE CAMPO;40.428461999999996;-3.727787;28079004
110;AREA DE MAYORES;CALLE GENERAL CADENAS CAMPOS 21;10103;409010;11055578;58,876;43,45;MONCLOA - ARAVACA;VALDEZARZA;40.46111;-3.713653;28079038
111;AREA DE MAYORES;CALLE CAMINO DE LOS VINATEROS 107;5177;414999;31046138;164,235;51,39;MORATALAZ;MARROQUINA;40.409002;-3.645639;28079036
112;AREA DE MAYORES;CALLE ARROYO DE LAS PILILLAS 41;9518;414001;11101790;91,465;43,72;MORATALAZ;MEDIA LEGUA;40.406921000000004;-3.6521239999999997;28079036
113;AREA DE MAYORES;CALLE CAMINO DE LOS VINATEROS 134;5330;414003;11103187;210,371;60,09;MORATALAZ;VINATEROS;40.406608;-3.6461989999999997;28079036
114;AREA DE MAYORES;CALLE ARROYO DE LAS PILILLAS 56;12967;414005;20160679;0;0;MORATALAZ;MARROQUINA;40.407416;-3.651413;28079036
115;AREA DE MAYORES;CALLE ARROYO BELINCOSO 13;12979;414004;31003213;0;0;MORATALAZ;MEDIA LEGUA;40.410272;-3.6532379999999995;28079036
116;AREA DE MAYORES;CALLE FUENTE CARRANTONA 4;12949;414006;20098128;0;0;MORATALAZ;PAVONES;40.39759;-3.638072;28079036
117;AREA DE MAYORES;CALLE BENJAMIN PALENCIA 24;13221;413012;20002314;0;0;PUENTE DE VALLECAS;PORTAZGO;40.394315999999996;-3.647478;28079040
118;AREA DE MAYORES;AVENIDA ENTREVIAS 50;3929;413003;11089595;387,038;78,7;PUENTE DE VALLECAS;ENTREVï¿½AS;40.381954;-3.668594;28079040
119;AREA DE MAYORES;CALLE MARISMAS 61;3603;413009;11099315;139,434;46,49;PUENTE DE VALLECAS;NUMANCIA;40.401466;-3.6530720000000003;28079036
120;AREA DE MAYORES;CALLE BENJAMIN PALENCIA 2;9534;413008;20002299;165,767;51,89;PUENTE DE VALLECAS;NUMANCIA;40.396910999999996;-3.65529;28079040
121;AREA DE MAYORES;CALLE ESCRITOR 4;9540;413001;20003173;66,442;35,99;PUENTE DE VALLECAS;PALOMERAS BAJAS;40.390337;-3.6551760000000004;28079040
122;AREA DE MAYORES;AVENIDA ALBUFERA 290;9544;413005;11096401;218,453;58,43;PUENTE DE VALLECAS;PALOMERAS SURESTE;40.386333;-3.63918;28079040
123;AREA DE MAYORES;CALLE BENALMADENA 3;8324;413004;11096501;179,466;54,82;PUENTE DE VALLECAS;PALOMERAS SURESTE;40.385462;-3.637889;28079040
124;AREA DE MAYORES;CALLE TORREMOLINOS 16;9556;413006;11096290;229,274;60,98;PUENTE DE VALLECAS;PALOMERAS SURESTE;40.383859;-3.639686;28079040
125;AREA DE MAYORES;AVENIDA MIGUEL HERNANDEZ 100;3234;413007;31055673;372,05;90,39;PUENTE DE VALLECAS;PALOMERAS SURESTE;40.380434;-3.6463940000000004;28079040
126;AREA DE MAYORES;CALLE MARTINEZ DE LA RIVA 101;10000;413002;11094828;74,043;32,98;PUENTE DE VALLECAS;PALOMERAS BAJAS;40.387943;-3.6640410000000005;28079040
127;AREA DE MAYORES;RONDA SUR 119;5425;413010;11090039;46,149;26,95;PUENTE DE VALLECAS;ENTREVï¿½AS;40.37836;-3.6791139999999998;28079047
128;AREA DE MAYORES;AVENIDA MIGUEL HERNANDEZ 11;13001;413013;31045393;0;0;PUENTE DE VALLECAS;PALOMERAS SURESTE;40.388435;-3.6342550000000005;28079040
129;AREA DE MAYORES;CALLE FELIPE DE DIEGO 8;12944;413011;20082184;0;0;PUENTE DE VALLECAS;PALOMERAS BAJAS;40.378409999999995;-3.6601839999999997;28079040
130;AREA DE MAYORES;CALLE CERRO NEGRO 5;8103;403008;31020470;297,87;69,92;RETIRO;ADELFAS;40.395784;-3.6723209999999997;28079047
131;AREA DE MAYORES;CALLE LUIS PEIDRO 17;9065;403010;31041015;673,53;127,92;RETIRO;ADELFAS;40.396621;-3.6725519999999996;28079047
132;AREA DE MAYORES;CALLE ANDALUCIA 15;8106;403009;31052577;119,43;43,83;RETIRO;ADELFAS;40.401589;-3.6723739999999996;28079047
133;AREA DE MAYORES;CALLE JUAN ESPLANDIU 4;5899;403003;31020467;198,592;57,16;RETIRO;ESTRELLA;40.41684;-3.661142;28079036
134;AREA DE MAYORES;CALLE FEDERICO MORENO TORROBA 9;5994;403007;31022068;16,972;21,2;RETIRO;ADELFAS;40.404878000000004;-3.6667300000000003;28079049
135;AREA DE MAYORES;CALLE JUAN DE URBIETA 50;13047;403011;11013372;0;0;RETIRO;NIï¿½O JESï¿½S;40.407714;-3.674719;28079049
136;AREA DE MAYORES;CALLE NUEVO BAZTAN 6;12916;403012;11011678;0;0;RETIRO;ADELFAS;40.402813;-3.668367;28079047
137;AREA DE MAYORES;AVENIDA CIUDAD DE BARCELONA 154;12917;403013;20088225;0;0;RETIRO;PACï¿½FICO;40.401745;-3.678088;28079047
138;AREA DE MAYORES;PLAZA SAN CAYETANO 1;13185;404005;31023714;0;0;SALAMANCA;GUINDALERA;40.434125;-3.670299;28079008
139;AREA DE MAYORES;CALLE RAMON DE AGUINAGA 1;6808;404004;11016757;342,985;80,4;SALAMANCA;FUENTE DEL BERRO;40.427347999999995;-3.664883;28079008
140;AREA DE MAYORES;CALLE LOS PEASCALES 7;6798;404001;11016408;0;0;SALAMANCA;FUENTE DEL BERRO;40.423913;-3.667015;28079008
141;AREA DE MAYORES;CALLE FRANCISCO SILVELA 12;3614;404002;11017054;291,569;88,22;SALAMANCA;GUINDALERA;40.429989;-3.6697480000000002;28079008
142;AREA DE MAYORES;AVENIDA BRASILIA 6;6968;404003;31026007;89,769;40.04;SALAMANCA;GUINDALERA;40.441897;-3.660705;28079011
143;AREA DE MAYORES;AVENIDA BRASILIA 9;12919;404006;11017831;0;0;SALAMANCA;GUINDALERA;40.436599;-3.661342;28079016
144;AREA DE MAYORES;CALLE PRINCIPE DE VERGARA 64;12921;404007;31047873;0;0;SALAMANCA;LISTA;40.433113;-3.679097;28079048
145;AREA DE MAYORES;CALLE MANCHESTER 30;13073;9900007;20125495;0;0;SAN BLAS - CANILLEJAS;ROSAS;40.430385;-3.602439;28079016
146;AREA DE MAYORES;AVENIDA CANILLEJAS A VICALVARO 135;9666;420011;20145332;125,763;46,24;SAN BLAS - CANILLEJAS;ROSAS;40.426493;-3.6103959999999997;28079016
147;AREA DE MAYORES;PASEO GINEBRA 20;9517;421001;31049541;326,438;74,15;SAN BLAS - CANILLEJAS;ROSAS;40.423302;-3.6025669999999996;28079016
148;AREA DE MAYORES;CALLE MARIA SEVILLA DIAGO 2;9763;420008;20075799;110,528;43,21;SAN BLAS - CANILLEJAS;ROSAS;40.432534000000004;-3.611416;28079016
149;AREA DE MAYORES;PLAZA CEFIRO 2;9858;420002;11137168;207,545;60,48;SAN BLAS - CANILLEJAS;CANILLEJAS;40.448519;-3.608;28079059
150;AREA DE MAYORES;CALLE NAVARIDAS 11;4949;420010;20090546;851,616;130,95;SAN BLAS - CANILLEJAS;REJAS;40.442378000000005;-3.5815940000000004;28079055
151;AREA DE MAYORES;AVENIDA SEXTA 4;9938;420006;31010275;88,013;43,42;SAN BLAS - CANILLEJAS;REJAS;40.449279;-3.597144;28079055
152;AREA DE MAYORES;PLAZA GRECIA 3;4921;420007;20097009;73,517;34,26;SAN BLAS - CANILLEJAS;ROSAS;40.436082;-3.607311;28079016
153;AREA DE MAYORES;CALLE LUCANO 29;4919;420009;11137656;275,387;67,23;SAN BLAS - CANILLEJAS;CANILLEJAS;40.439229;-3.610201;28079016
154;AREA DE MAYORES;CALLE ALBAIDA 3;3526;420005;31045409;112,222;46,97;SAN BLAS - CANILLEJAS;HELLï¿½N;40.431858;-3.620282;28079016
155;AREA DE MAYORES;CALLE MARSELLA 4;12725;0;20144545;0;0;SAN BLAS - CANILLEJAS;ROSAS;40.420336999999996;-3.6102980000000002;28079036
156;AREA DE MAYORES;CALLE NECTAR 32;4901;420001;31016901;165,669;49,16;SAN BLAS - CANILLEJAS;CANILLEJAS;40.442674;-3.6107519999999997;28079016
157;AREA DE MAYORES;CALLE NUESTRA SEORA DEL CARMEN 3;13201;406009;20127483;0;0;TETUï¿½N;BERRUGUETE;40.458027;-3.7014620000000003;28079050
158;AREA DE MAYORES;AVENIDA BRASIL 13;3311;406004;11030057;117,791;45,07;TETUï¿½N;CUATRO CAMINOS;40.455989;-3.6936730000000004;28079050
159;AREA DE MAYORES;CALLE SINESIO DELGADO 23;9208;406001;31045419;0;0;TETUï¿½N;VALDEACEDERAS;40.471531;-3.705224;28079039
160;AREA DE MAYORES;CALLE VILLAAMIL 90;9224;406002;31050938;505,633;140.37;TETUï¿½N;VALDEACEDERAS;40.469152;-3.711988;28079039
161;AREA DE MAYORES;CALLE GOIRI 19;3151;406007;31043760;151,271;49,22;TETUï¿½N;BELLAS VISTAS;40.453117999999996;-3.7041470000000003;28079038
162;AREA DE MAYORES;CALLE SAN RAIMUNDO 41;10151;406008;11027980;45,635;30,89;TETUï¿½N;BELLAS VISTAS;40.45165;-3.706685;28079038
163;AREA DE MAYORES;AVENIDA GENERAL PERON 9;3980;406003;31047944;193,08;60,18;TETUï¿½N;CUATRO CAMINOS;40.452797;-3.697689;28079038
164;AREA DE MAYORES;CALLE ANTONIO GONZALEZ ECHARTE 2;11025;406005;11031333;160,265;66,09;TETUï¿½N;ALMENARA;40.467036;-3.691992;28079050
165;AREA DE MAYORES;CALLE SILVINA 18;13066;412014;31030008;0;0;USERA;SAN FERMï¿½N;40.366161;-3.6913199999999997;28079017
166;AREA DE MAYORES;CALLE ANTONIO LOPEZ 237;6355;412005;11080894;256,604;64,08;USERA;ORCASUR;40.380252;-3.695957;28079056
167;AREA DE MAYORES;CALLE EVANGELIOS 2;6360;412003;31004718;412,597;81,19;USERA;ALMENDRALES;40.383466999999996;-3.7002879999999996;28079056
168;AREA DE MAYORES;CALLE CAMINO VIEJO DE VILLAVERDE 34;7687;412012;31030369;203,638;64,56;USERA;ORCASITAS;40.367034999999994;-3.710408;28079056
169;AREA DE MAYORES;CALLE SEGURA 3;7730;412007;20094347;104,517;43,93;USERA;ORCASITAS;40.367343;-3.7157050000000003;28079056
170;AREA DE MAYORES;CALLE CESTONA 84;7760;412006;11080557;213,988;65,13;USERA;ORCASITAS;40.37214;-3.71319;28079056
171;AREA DE MAYORES;AVENIDA RAFAELA YBARRA 43;8176;412001;31012599;265,422;65,43;USERA;PRADOLONGO;40.381648;-3.7109010000000002;28079056
172;AREA DE MAYORES;CALLE CERECINOS 2;2503;412004;11085135;27,877;23,08;USERA;ZOFï¿½O;40.384689;-3.7131410000000002;28079056
173;AREA DE MAYORES;AVENIDA POBLADOS 169;3241;412002;31007159;96,14;57,13;USERA;PRADOLONGO;40.371908000000005;-3.703943;28079056
174;AREA DE MAYORES;CALLE DOCTOR TOLOSA LATOUR 18;3240;412002;31045432;96,14;57,13;USERA;PRADOLONGO;40.372537;-3.703192;28079056
175;AREA DE MAYORES;CALLE EXPROPIACION 3;4534;412008;31055824;245,584;62,64;USERA;ORCASITAS;40.369814;-3.7045339999999998;28079056
176;AREA DE MAYORES;CALLE RICARDO BELTRAN Y ROZPIDE 10;10059;412011;20001059;148,954;91,85;USERA;ZOFï¿½O;40.38277;-3.7179;28079056
177;AREA DE MAYORES;CALLE DOCTOR TOLOSA LATOUR 14;12548;412010;31045430;0;0;USERA;PRADOLONGO;40.379694;-3.700754;28079056
178;AREA DE MAYORES;CALLE GRAN AVENIDA 17;12218;412009;31055821;0;0;USERA;ORCASITAS;40.36952;-3.7089999999999996;28079056
179;AREA DE MAYORES;PLAZA PUEBLO 2;12982;412013;11081298;0;0;USERA;ORCASUR;40.367113;-3.7006650000000003;28079017
180;AREA DE MAYORES;CALLE TREN DE ARGANDA 9;4607;419003;20107794;231,646;67,7;VICALVARO;AMBROZ;40.40355;-3.617228;28079036
181;AREA DE MAYORES;CALLE VILLABLANCA 1;3542;419002;20002424;98,19;40.3;VICALVARO;CASCO HISTï¿½RICO DE VICï¿½LVARO;40.409708;-3.608711;28079036
182;AREA DE MAYORES;CALLE LAGO VAN 16;13023;0;31011786;0;0;VICALVARO;CASCO HISTï¿½RICO DE VICï¿½LVARO;40.40437;-3.605896;28079036
183;AREA DE MAYORES;CALLE LADERA DE LOS ALMENDROS 14;12938;9900016;20151606;0;0;VICALVARO;AMBROZ;40.40238;-3.625065;28079036
184;AREA DE MAYORES;CALLE EZCARAY 68;11030;420001;11133405;165,669;49,16;VICALVARO;CASCO HISTï¿½RICO DE VICï¿½LVARO;40.412728;-3.6147129999999996;28079036
185;AREA DE MAYORES;CALLE PICO MAMPODRE 9;13069;418014;11130466;0;0;VILLA DE VALLECAS;CASCO HISTï¿½RICO DE VALLECAS;40.377484;-3.6212089999999995;28079054
186;AREA DE MAYORES;CALLE VIRGEN DE LAS VIAS 22;9580;418002;31045492;54,528;29,73;VILLA DE VALLECAS;SANTA EUGENIA;40.380902;-3.609143;28079054
187;AREA DE MAYORES;CALLE MONTE DE MONTJUICH 9;9587;419001;20142445;353,723;108,92;VILLA DE VALLECAS;SANTA EUGENIA;40.380665;-3.6162989999999997;28079054
188;AREA DE MAYORES;CALLE BABILAFUENTE 2;8727;418003;20170570;77,75;35,1;VILLA DE VALLECAS;CASCO HISTï¿½RICO DE VALLECAS;40.372526;-3.624454;28079054
189;AREA DE MAYORES;CALLE UNANIMIDAD 23;7394;417008;20062129;304,865;67,97;VILLAVERDE;LOS ROSALES;40.360684;-3.684884;28079017
190;AREA DE MAYORES;CALLE ALCARRIA 8;8983;417011;11128195;193,85;53,58;VILLAVERDE;LOS ANGELES;40.348557;-3.694307;28079017
191;AREA DE MAYORES;CALLE PAN Y TOROS 24;9012;417012;11128949;38,213;26,83;VILLAVERDE;LOS ANGELES;40.359251;-3.6948849999999998;28079017
192;AREA DE MAYORES;CALLE SAN LUCIANO 11;9397;417004;31010316;319,045;73,48;VILLAVERDE;LOS ANGELES;40.363369;-3.697943;28079017
193;AREA DE MAYORES;CALLE LA CANCION DEL OLVIDO 20;9412;417010;31009925;142,866;50,31;VILLAVERDE;LOS ANGELES;40.361514;-3.7001510000000004;28079017
194;AREA DE MAYORES;CALLE LA DEL MANOJO DE ROSAS 96;9369;417013;11128593;86,846;38,55;VILLAVERDE;LOS ANGELES;40.354566;-3.698786;28079017
195;AREA DE MAYORES;CALLE LA DEL MANOJO DE ROSAS 69;9387;417002;31037735;150,437;49,42;VILLAVERDE;LOS ANGELES;40.354744000000004;-3.6965339999999998;28079017
196;AREA DE MAYORES;CALLE ALCOCER 26;9617;417014;31002165;129,48;46,23;VILLAVERDE;LOS ANGELES;40.350088;-3.698149;28079017
197;AREA DE MAYORES;PASEO ALBERTO PALACIOS 1;9618;417007;11124172;0;0;VILLAVERDE;SAN ANDRï¿½S;40.346363000000004;-3.709341;28079017
198;AREA DE MAYORES;PLAZA PINAZO 9;6018;417001;11126203;0;0;VILLAVERDE;SAN CRISTOBAL;40.342614000000005;-3.691296;28079017
199;AREA DE MAYORES;CALLE GODELLA 102;11027;417006;31010268;0;0;VILLAVERDE;SAN CRISTOBAL;40.340829;-3.688864;28079017
200;AREA DE MAYORES;CALLE BURJASOT 1;6050;417003;31041863;0;0;VILLAVERDE;SAN CRISTOBAL;40.346299;-3.685402;28079017
201;AREA DE MAYORES;CALLE SANTIAGO AMON 2;8979;417005;20047449;200,85;55,67;VILLAVERDE;LOS ANGELES;40.350625;-3.6938410000000004;28079017
202;AREA DE MAYORES;CALLE ASTILLERO 5;12813;417015;20040356;0;0;VILLAVERDE;SAN ANDRï¿½S;40.343005;-3.714007;28079017
203;AREA DE MAYORES;CALLE VILLALONSO 18;12840;417006;20093322;0;0;VILLAVERDE;SAN ANDRï¿½S;40.349662;-3.7113660000000004;28079017
