TIPO;DIRECCION;IDENTIFICADOR;CODIGO,N,8,0;CODNDP,N,19,0;TIPO DE AREA;TIPO DE SUELO;LOCALIZACION;ACCESO;N.ELEMENTOS;AREA;PERIMETRO;DIRECCION AUXLIAR;DISTRITO;BARRIO;LATITUD;LONGITUD;UTMX;UTMY
AREA DE MAYORES;CALLE CANARIAS nß 17;3485;402001;11010094;CONJUNTO;ARENA;0;0;7;295,346;69,12;CENTRO DE MAYORES DE ARGANZUELA - PALOS DE LA FRONTERA;ARGANZUELA;PALOS DE MOGUER;40.402.191;-3.695.649;440969,202;4472630,298
AREA DE MAYORES;CALLE GASOMETRO nß 32;9969;402003;31044316;CONJUNTO;ARENA;0;0;2;58,122;28,62;P? ˙ PASEO DOCTOR VALLEJO NAJERA N?25 , ASCENDIEN;ARGANZUELA;ACACIAS;40.402.437;-3.707.992;439922,068;4472665,905
AREA DE MAYORES;RONDA SEGOVIA nß 48;9972;402002;20184196;CONJUNTO;ARENA;0;0;2;57,992;31,28;Pza ˙ PLAZA PZA.MERCADO CON TSIA. GIL IMON N?44 ,;ARGANZUELA;IMPERIAL;40.407.153;-3.713.662;439445,158;4473193,294
AREA DE MAYORES;CALLE TEJO nß 5;12215;402004;20139391;POSTES;ARENA;EN CAMINO DE PARQUE;0;6;0;0;CALLE TEJO, N? 5;ARGANZUELA;ATOCHA;4.039.705;-367.765;442492,2204;4472047,834
AREA DE MAYORES;CALLE PUERTO DE BEJAR nß 3;12883;402007;20000289;POSTES;ARENA;0;0;8;0;0;0;ARGANZUELA;LEGAZPI;40.387.563;-3.688.315;441578,9171;4471001,711
AREA DE MAYORES;CALLE PARROCO EUSEBIO CUENCA nß 13;12828;402005;31041801;MARQUESINAS;SOLADO;0;0;6;0;0;0;ARGANZUELA;DELICIAS;40.395.039;-3.687.989;441613,025;4471831,401
AREA DE MAYORES;PASEO JUAN ANTONIO VALLEJO-NAJERA BOTAS nß 15;12914;402006;31041998;POSTES;ARENA;0;0;8;0;0;0;ARGANZUELA;ACACIAS;40.401.085;-3.705.137;440163,1016;4472513,965
AREA DE MAYORES;CALLE BAHIA DE SANTA POLA nß 56;13102;494001;20148724;0;0;0;0;7;0;0;0;BARAJAS;CORRALEJOS;40.467.467;-3.593.134;449717,0418;4479812,515
AREA DE MAYORES;CALLE BERGANTIN nß 26;13229;9900012;31043159;0;0;0;0;5;0;0;0;BARAJAS;ALAMEDA DE OSUNA;40.459.246;-3.582.808;450586,4503;4478894,114
AREA DE MAYORES;CALLE ACUARIO nß 27;7505;421007;11140825;POSTES;ARENA;0;0;3;77,852;40.8;CALLE ACUARIO, N? 27;BARAJAS;CASCO HIST‡RICO DE BARAJAS;40.474.591;-3.579.973;450838,002;4480595,854
AREA DE MAYORES;CALLE NORAY nß 3;11035;421004;20047389;POSTES;SOLADO;EN CARRIL BICI;0;12;0;0;PASO INFERIOR CARRIL BICI - A2;BARAJAS;ALAMEDA DE OSUNA;40.450.905;-3.596.759;449397,294;4477976,182
AREA DE MAYORES;CALLE PRADOLUENGO nß 123;11023;421005;11140190;POSTES;SOLADO;0;0;5;0;0;CALLE PRADOLUENGO, N? 123;BARAJAS;AEROPUERTO;40.451.065;-3.583.397;450530,512;4477986,43
AREA DE MAYORES;CALLE AYERBE nß 12;4873;421002;11140553;MARQUESINAS;ARENA;0;0;4;83,665;36,42;EN ZONA PARQUE;BARAJAS;CASCO HIST‡RICO DE BARAJAS;40.468.351;-3.580.727;450769,524;4479903,686
AREA DE MAYORES;CALLE ALAS nß 2;7256;421006;11141161;POSTES;ARENA;0;0;4;77,852;40.8;CALLE ALAS, N? 2;BARAJAS;TIM‡N;4.047.197;-358.499;450410,744;4480307,74
AREA DE MAYORES;CALLE BAHIA DE SANTO•A nß 6;9952;421003;31008417;CONJUNTO;ARENA;0;0;2;122,621;44,25;C ˙ CALLE CARABELA(JUNTO CENTRO SALUD ALAMEDA DE;BARAJAS;CORRALEJOS;40.465.949;-3.589.778;450000,463;4479642,119
AREA DE MAYORES;CALLE CARABELA nß 7;4825;421004;20107539;CONJUNTO MULTIPLE;SOLADO;0;0;12;0;0;CALLE CARABELA, N? 7;BARAJAS;ALAMEDA DE OSUNA;40.455.161;-358.711;450218,624;4478443,169
AREA DE MAYORES;PLAZA SAN VICENTE DE PAUL nß 5;13065;411015;11079239;0;0;0;0;8;0;0;0;CARABANCHEL;ABRANTES;40.385.425;-3.726.335;438349,9488;4470790,275
AREA DE MAYORES;CALLE ANTONIO DE LEYVA nß 35;8101;411001;31044608;MARQUESINAS;ARENA;0;0;3;106,466;41,33;CALLE ANTONIO DE LEYVA, N? 35;CARABANCHEL;COMILLAS;40.392.251;-3.714.617;439350,71;4471539,868
AREA DE MAYORES;AVENIDA NUESTRA SE•ORA DE VALVANERA nß 117;9863;411010;11074192;PEDALES;SOLADO;0;0;4;724,916;107,99;AVENIDA NUESTRA SE•ORA DE VALVANERA, N? 117;CARABANCHEL;VISTA ALEGRE;40.392.487;-3.740.672;437139,645;4471584,165
AREA DE MAYORES;CALLE PORTALEGRE nß 73;3613;411004;11070164;MARQUESINAS;ARENA;0;0;5;97,347;44,15;CALLE PORTALEGRE, N? 73;CARABANCHEL;OPA•EL;4.038.576;-3.723.105;438624,435;4470825,174
AREA DE MAYORES;PLAZA CANTORIA nß 1;10079;411007;20021306;MARQUESINAS;ARENA;0;0;4;53,433;40.12;PLAZA CANTORIA, N? 1;CARABANCHEL;OPA•EL;40.392.685;-3.722.787;438657,726;4471593,584
AREA DE MAYORES;CALLE NUESTRA SE•ORA DE LA LUZ nß 9;2950;411006;20168099;CONJUNTO;ARENA;0;0;3;0;0;CALLE NUESTRA SE•ORA DE LA LUZ, N? 9;CARABANCHEL;VISTA ALEGRE;40.382.744;-3.742.658;436962;4470504,204
AREA DE MAYORES;CALLE GENERAL RICARDOS nß 126;4217;411013;31028689;SOLO PEDALES;SOLADO;PLAZA;0;3;0;0;CALLE GENERAL RICARDOS, N? 126;CARABANCHEL;SAN ISIDRO;40.391.786;-3.727.177;438284,287;4471496,94
AREA DE MAYORES;CALLE GENERAL RICARDOS nß 155;11028;411009;31028659;POSTES;SOLADO;PLAZA;0;5;0;0;CALLE GENERAL RICARDOS, N? 155;CARABANCHEL;OPA•EL;4.038.823;-3.731.388;437923,6811;4471105,114
AREA DE MAYORES;CALLE PARQUE EUGENIA DE MONTIJO nß 1;2868;411003;31044609;MARQUESINAS;ARENA;0;0;5;131,286;45,2;PARQUE EUGENIA DE MONTIJO;CARABANCHEL;VISTA ALEGRE;40.378.912;-3.754.322;435968,2658;4470087,166
AREA DE MAYORES;CALLE PARQUE EUGENIA DE MONTIJO nß 42;2892;411008;11074955;POSTES;ARENA;EN ZONA INTERBLOQUES;0;4;0;0;PARQUE EUGENIA DE MONTIJO, N? 42;CARABANCHEL;VISTA ALEGRE;40.379.394;-3.751.497;436208,559;4470138,643
AREA DE MAYORES;CALLE MONSE•OR OSCAR ROMERO nß 77;2925;411012;31050695;MARQUESINAS;ARENA;0;0;8;0;0;PARQUE EUGENIA DE MONTIJO;CARABANCHEL;VISTA ALEGRE;40.382.037;-3.750.512;436294,699;4470431,28
AREA DE MAYORES;CALLE VIA LUSITANA nß 1;4090;411011;11078650;MARQUESINAS;ARENA;0;0;8;194,696;55,25;PARQUE EMPERATRIZ MARIA DE AUSTRIA;CARABANCHEL;ABRANTES;40.382.536;-3.720.394;438851,654;4470465,444
AREA DE MAYORES;CALLE VIA LUSITANA nß 19;8254;411002;20024802;MARQUESINAS;ARENA;0;0;7;229,346;61,56;PARQUE EMPERATRIZ MARIA DE AUSTRIA;CARABANCHEL;ABRANTES;40.376.863;-3.726.489;438329,091;4469839,988
AREA DE MAYORES;CALLE CARONTE nß 16;4198;411005;31014178;MARQUESINAS;ARENA;PARQUE;0;7;0;0;CALLE CARONTE, N? 16;CARABANCHEL;SAN ISIDRO;40.397.429;-3.725.521;438430,0026;4472122,127
AREA DE MAYORES;CALLE MARQUES DE LA ENSENADA nß 1;13193;401008;20128851;0;0;0;0;8;0;0;0;CENTRO;JUSTICIA;40.424.226;-3.694.418;441092,9095;4475075,325
AREA DE MAYORES;CUESTA SANTO DOMINGO nß 22;5619;401004;11000189;SOLO PEDALES;SOLADO;0;0;2;0;0;CUESTA SANTO DOMINGO, N? 22;CENTRO;PALACIO;404.201;-3.708.452;439898,695;4474626,805
AREA DE MAYORES;PLAZA SANTA MARIA SOLEDAD TORRES ACOSTA nß 1;5629;401002;31037270;CONJUNTO MULTIPLE;CAUCHO;EN INTERIOR DE AREA INFANTIL;0;1;3,499;11,98;CALLEJON DEL MERCADO;CENTRO;UNIVERSIDAD;40.420.897;-3.704.868;440203,458;4474712,874
AREA DE MAYORES;GLORIETA PUERTA DE TOLEDO nß 1;5567;401005;20105763;CONJUNTO;ARENA;EN ZONA PEATONAL DE LA PLZA;0;2;137,696;47,7;GLORIETA PUERTA DE TOLEDO;CENTRO;EMBAJADORES;40.407.288;-371.071;439695,763;4473206,264
AREA DE MAYORES;CALLE EMBAJADORES nß 66;5544;401006;31047998;CONUNTO;ARENA;PARQUE CASINO DE LA REINA;0;7;223,688;59,8;PARQUE CASINO DE LA REINA;CENTRO;EMBAJADORES;404.067;-3.704.209;440246,794;4473136,549
AREA DE MAYORES;PLAZA SANTA BARBARA nß 7;7341;401007;20103471;CONJUNTO;ARENA;0;0;1;60,641;31,59;PLAZA SANTA BARBARA, N? 7;CENTRO;JUSTICIA;40.427.175;-3.696.187;440945,384;4475403,841
AREA DE MAYORES;PLAZA SANTA BARBARA nß 8;10126;401003;11005154;CONJUNTO;ARENA;EN ZONA VERDE;0;2;143,587;47,92;PLAZA SANTA BARBARA, N? 8;CENTRO;JUSTICIA;40.427.119;-3.703.772;440301,985;4475402,726
AREA DE MAYORES;PLAZA COMENDADORAS nß 9;5608;401001;11006381;MARQUESINAS;ARENA;0;0;8;169,407;53,43;Pza ˙ PLAZA COMENDADORAS , ASCENDIENTE 1: 015 ˙ U;CENTRO;UNIVERSIDAD;40.427.238;-370.919;439842,476;4475419,696
AREA DE MAYORES;CALLE SEGOVIA nß 30;12983;9900015;31047537;POSTES;ARENA;0;0;8;0;0;0;CENTRO;PALACIO;40.414.222;-3.719.947;438918,198;4473982,268
AREA DE MAYORES;CALLE VICTOR DE LA SERNA nß 25;12834;405008;11025171;0;0;0;0;6;0;0;0;CHAMART÷N;HISPANOAMêRICA;40.455.353;-3.672.315;442994,2349;4478515,917
AREA DE MAYORES;PLAZA ANDRES MANJON nß 7;12910;405006;11027371;0;0;0;0;7;0;0;0;CHAMART÷N;CASTILLA;40.478.305;-3.685.125;441927,7584;4481072,047
AREA DE MAYORES;CALLE PUENTEAREAS nß 20;13199;405007;31021351;0;0;0;0;8;0;0;0;CHAMART÷N;PROSPERIDAD;40.444.119;-3.668.846;443278,915;4477266,763
AREA DE MAYORES;CALLE PECHUAN nß 1;13259;405009;20103056;0;0;0;0;5;0;0;0;CHAMART÷N;CIUDAD JARD÷N;40.444.786;-367.708;442581,1882;4477346,075
AREA DE MAYORES;CALLE SANTA RITA nß 1;9148;405001;31026122;MARQUESINAS;ARENA;0;0;4;120,869;45,92;CALLE SANTA RITA, N? 1;CHAMART÷N;PROSPERIDAD;40.446.069;-3.668.712;443291,91;4477483,063
AREA DE MAYORES;CALLE PADRE CLARET nß 38;10541;405004;31041818;POSTES;ARENA;0;0;3;28,607;22,77;PARQUE FELIX RORIGUEZ DE LA FUENTE;CHAMART÷N;PROSPERIDAD;40.452.014;-3.664.647;443641,549;4.478.140.371
AREA DE MAYORES;CALLE VINAROZ nß 29;11026;405005;11024027;CONJUNTO;ARENA;EN PARQUE;0;2;0;0;PARQUE DE LA INFANCIA DE CHAMARTIN;CHAMART÷N;CIUDAD JARD÷N;40.448.127;-3.677.209;442573,0996;4477717,072
AREA DE MAYORES;CALLE DOCTOR MARCO CORERA nß 2;3212;405003;31052956;CONJUNTO;ARENA;PARQUE;0;7;0;0;PARQUE DE BERLIN;CHAMART÷N;CIUDAD JARD÷N;40.449.845;-3.676.109;442667,806;4477907,007
AREA DE MAYORES;PASEO CASTELLANA nß 300;6938;405002;20151190;CONJUNTO MULTIPLE;ARENA;0;0;5;198,412;61,21;EN MEDIANA AJARDINADA;CHAMART÷N;CASTILLA;40.480.318;-3.685.151;441927,288;4481295,46
AREA DE MAYORES;CALLE RODRIGUEZ SAN PEDRO nß 3;13057;407006;31041841;0;0;0;0;8;0;0;0;CHAMBERI;ARAPILES;4.043.132;-3.707.128;440021,051;4475871,331
AREA DE MAYORES;CALLE RAIMUNDO FERNANDEZ VILLAVERDE nß 28;3596;407004;31047945;CONJUNTO MULTIPLE;ARENA;0;0;3;142,944;48,13;JARDINES RAIMUNDO FDEZ VILLAVERDE, MAUDES, PONZANO;CHAMBERI;RIOS ROSAS;40.446.315;-3.699.319;440696,578;4477530,515
AREA DE MAYORES;CALLE BRAVO MURILLO nß 49;3991;407002;31044176;MARQUESINAS;ARENA;0;0;7;171,295;52,76;PARQUE ENRIQUE HERREROS;CHAMBERI;VALLEHERMOSO;40.438.962;-3.704.922;440214,91;4476718,155
AREA DE MAYORES;CALLE BLASCO DE GARAY nß 38;5603;407003;31008009;MARQUESINAS;SOLADO;0;0;6;67,479;37,43;Jar ˙ JARDINES CENTRO CULTURAL GALILEO GALILEI ,;CHAMBERI;ARAPILES;4.043.353;-3.711.454;439656,028;4476119,643
AREA DE MAYORES;PLAZA OLAVIDE nß 17;3905;407001;31048931;MARQUESINAS;ARENA;PARQUE;0;7;91,926;39,41;PARQUE PLAZA DE OLAVIDE;CHAMBERI;TRAFALGAR;40.432.941;-3.701.222;440523,412;4476047,33
AREA DE MAYORES;CALLE DOMENICO SCARLATTI nß 2;12216;407005;11042753;POSTES;SOLADO;0;0;7;0;0;C ˙ CALLE DOMENICO SCARLATTI , ASCENDIENTE 1: 076;CHAMBERI;VALLEHERMOSO;40.442;-3.716.131;439267,0104;4477062,966
AREA DE MAYORES;CALLE EZEQUIEL SOLANA nß 41;13190;9920002;11105576;0;0;0;0;6;0;0;0;CIUDAD LINEAL;PUEBLO NUEVO;40.431.085;-3.644.975;445292,669;4475804,954
AREA DE MAYORES;CALLE MISTERIOS nß 13;13256;9900003;11108210;0;0;0;0;7;0;0;0;CIUDAD LINEAL;QUINTANA;40.438.838;-3.640.072;445714,83;4476662,525
AREA DE MAYORES;CALLE JAZMIN nß 3;13257;9900010;20134674;0;0;0;0;8;0;0;0;CIUDAD LINEAL;COSTILLARES;40.478.015;-3.667.802;443395,853;4481028,584
AREA DE MAYORES;CALLE DOCTOR CIRAJAS nß 1;8228;415002;31032470;CONJUNTO MULTIPLE;ARENA;0;0;3;188,234;54,36;CALLE DOCTOR CIRAJAS, N? 1;CIUDAD LINEAL;PUEBLO NUEVO;40.435.647;-3.638.219;445869,421;4476307,092
AREA DE MAYORES;CALLE JOSE DEL HIERRO nß 3;3318;415003;20094445;CONJUNTO;ARENA;0;0;3;221,809;59,02;PARQUE DEL CALERO;CIUDAD LINEAL;CONCEPCI‡N;40.436.106;-3.651.054;444781,228;4476366,088
AREA DE MAYORES;AVENIDA MARQUES DE CORBERA nß 4;5902;415001;20167853;POSTES;SOLADO;0;0;6;66,448;32,64;AVENIDA MARQUES DE CORBERA, N? 4;CIUDAD LINEAL;VENTAS;40.421.805;-3.656.387;444317,099;4474782,007
AREA DE MAYORES;CALLE SAN BALDOMERO nß 16;12214;415004;11107039;CONJUNTO;ARENA;0;0;2;0;0;PARQUE DE ARRIAGA;CIUDAD LINEAL;PUEBLO NUEVO;40.423.438;-3.638.167;445864,0704;4474951,961
AREA DE MAYORES;PASEO VAGUADA nß 13;11024;408002;20095218;0;0;0;0;7;436,863;99,22;PARQUE DE LA VAGUADA;FUENCARRAL - ELPARDO;PILAR;40.479.481;-3.710.376;439788,5551;4481219,41
AREA DE MAYORES;PLAZA TRES OLIVOS nß 26;13060;408013;20150231;0;0;0;0;7;0;0;0;FUENCARRAL - ELPARDO;VALVERDE;40.500.923;-3.690.223;441515,346;4483586,026
AREA DE MAYORES;CALLE ANTONIO LOPEZ AGUADO nß 3;13186;408011;11046923;0;0;0;0;6;0;0;0;FUENCARRAL - ELPARDO;LA PAZ;40.481.727;-3.701.294;440560,2941;4481462,638
AREA DE MAYORES;CALLE FERMIN CABALLERO nß 17;13187;408012;31033930;0;0;0;0;6;0;0;0;FUENCARRAL - ELPARDO;LA PAZ;40.485.826;-3.701.228;440569,525;4481917,595
AREA DE MAYORES;PLAZA FONSAGRADA nß 6;2651;408004;31045309;0;0;0;0;1;0;0;PLAZA FONSAGRADA, N? 6;FUENCARRAL - ELPARDO;PILAR;40.476.686;-3.708.367;439956,296;4480907,869
AREA DE MAYORES;CALLE MADERUELO nß 15;8104;408003;11047736;POSTES;SOLADO;0;0;3;75,176;40.88;C ˙ CALLE ISLAS JARVI 2 , ASCENDIENTE 1: 086 ˙ VA;FUENCARRAL - ELPARDO;VALVERDE;40.492.388;-3.687.828;441710,836;4482636,984
AREA DE MAYORES;CALLE FRESNEDILLAS nß 12;4502;408005;20167454;CONJUNTO;SOLADO;0;0;1;157,49;48,83;CALLE FRESNEDILLAS, N? 12;FUENCARRAL - ELPARDO;FUENTELAREINA;40.479.192;-3.739.949;437281,615;4481207,955
AREA DE MAYORES;CALLE GABRIELA MISTRAL nß 12;10034;408006;11051271;MARQUESINAS;SOLADO;0;0;4;112,008;42,29;CALLE GABRIELA MISTRAL, N? 12;FUENCARRAL - ELPARDO;PE•AGRANDE;40.481.998;-3.737.518;437490,276;4481517,759
AREA DE MAYORES;CALLE MIRADOR DE LA REINA nß 137;6279;408007;31049540;POSTES;SOLADO;0;0;3;49,015;28,99;CALLE MIRADOR DE LA REINA, N? 137;FUENCARRAL - ELPARDO;MIRASIERRA;40.490.879;-3.716.653;439266,735;4482488,995
AREA DE MAYORES;CALLE MARIA DE MAEZTU nß 120;5144;408008;31050035;CONJUNTO;ARENA;0;0;5;212,925;58,32;PARQUE ARROYOFRESNO;FUENCARRAL - ELPARDO;MIRASIERRA;40.494.593;-3.723.349;438702,662;4482905,879
AREA DE MAYORES;CALLE MANUEL ALONSO nß 8;11031;408001;31051877;CONJUNTO;ARENA;0;0;2;0;0;Parque ˙ PARQUE MAR OCEANA , ASCENDIENTE 1: 081 ˙;FUENCARRAL - ELPARDO;EL PARDO;4.051.818;-3.774.308;434407,261;4485560,666
AREA DE MAYORES;CALLE GARITA nß 2;12672;408094;11043235;MARQUESINAS;SOLADO;0;0;6;0;0;0;FUENCARRAL - ELPARDO;EL PARDO;40.533.219;-3.782.446;433732,7318;4487236,132
AREA DE MAYORES;CALLE SAN MODESTO nß 3;12651;408010;20117779;MARQUESINAS;SOLADO;0;0;6;0;0;0;FUENCARRAL - ELPARDO;VALVERDE;40.483.408;-3.685.508;441899,7655;4481638,66
AREA DE MAYORES;CALLE JOAQUIN LORENZO nß 33;13055;408014;20158010;POSTES;SOLADO;0;0;5;0;0;0;FUENCARRAL - ELPARDO;PE•AGRANDE;40.474.086;-3.726.043;438455,6814;4480631,409
AREA DE MAYORES;CALLE O•A nß 10;13067;9900006;20135901;0;0;0;0;7;0;0;0;HORTALEZA;VALDEFUENTES;40.489.344;-3.665.986;443559,312;4482284,907
AREA DE MAYORES;CALLE DO•A GUIOMAR nß 2;13068;9900008;20155578;0;0;0;0;7;0;0;0;HORTALEZA;APOSTOL SANTIAGO;40.476.688;-3.655.292;444455,193;4480873,352
AREA DE MAYORES;CALLE BACARES nß 22;6697;416009;31041741;MARQUESINAS;ARENA;0;0;4;288,508;69,19;CALLE BACARES, N? 22;HORTALEZA;APOSTOL SANTIAGO;40.477.092;-3.661.975;443889,005;4480922,396
AREA DE MAYORES;CALLE MAR ADRIATICO nß 7;6905;416003;20076191;MARQUESINAS;ARENA;0;0;3;200,573;63,34;PARQUE DE ALFREDO KRAUS;HORTALEZA;PINAR DEL REY;40.471.175;-3.640.817;445677,668;4480252,362
AREA DE MAYORES;CALLE ANDORRA nß 28;9826;416007;20000190;CONJUNTO;ARENA;0;0;2;107,093;40.1;CALLE ANDORRA, N? 28;HORTALEZA;CANILLAS;40.459.341;-3.643.322;445455,751;4.478.940.319
AREA DE MAYORES;CALLE MIGUEL RIESCO nß 16;9833;416006;20087335;CONJUNTO;ARENA;0;0;3;79,436;41,08;CALLE MIGUEL RIESCO, N? 16;HORTALEZA;CANILLAS;40.463.318;-3.631.836;446432,752;4479374,728
AREA DE MAYORES;CALLE ACONCAGUA nß 4;9839;416008;31017762;MARQUESINAS;ARENA;0;0;5;43,901;30,85;PARQUE DE VILLA ROSA PACO CA•O;HORTALEZA;CANILLAS;40.468.117;-3.629.679;446619,468;4479906,107
AREA DE MAYORES;CALLE MAR DE LAS ANTILLAS nß 8;9844;416005;31012935;CONJUNTO;ARENA;0;0;4;101,472;40.94;PARQUE HUERTA DE LA SALUD;HORTALEZA;PINAR DEL REY;40.475.216;-3.645.489;445284,91;4480703,785
AREA DE MAYORES;CALLE FRANCISCO UMBRAL nß 41;5689;416001;31042729;POSTES;ARENA;0;0;5;198,129;53,36;CALLE FRANCISCO UMBRAL, N? 41;HORTALEZA;VALDEFUENTES;40.480.128;-3.626.561;446893,242;4481237,499
AREA DE MAYORES;CALLE MORERUELA nß 45;9850;416002;20085886;POSTES;ARENA;0;0;5;284,084;70,64;CALLE MORERUELA, N? 45;HORTALEZA;VALDEFUENTES;40.483.532;-3.631.583;446470,297;4481618,338
AREA DE MAYORES;CALLE JULIO DANVILA nß 15;6703;416004;31011578;MARQUESINAS;ARENA;EN INTERIOR DE AREA INFANTIL;0;3;52,57;29,58;CALLE JULIO DANVILA, N? 15;HORTALEZA;APOSTOL SANTIAGO;40.472.248;-3.663.554;443751,15;4480385,648
AREA DE MAYORES;AVENIDA PADRE PIQUER nß 23;10035;410007;11065608;0;0;0;0;4;72,063;47,72;AVENIDA PADRE PIQUER, N? 23;LATINA;ALUCHE;40.392.352;-3.767.085;434897,822;4471588,39
AREA DE MAYORES;CALLE CEBREROS nß 50;13063;410014;11063107;0;0;0;0;7;0;0;0;LATINA;LUCERO;40.404.635;-3.746.826;436628,717;4472937,009
AREA DE MAYORES;CALLE ROMPEDIZO nß 15;13064;9900004;31008043;0;0;0;0;8;0;0;0;LATINA;AGUILAS;40.375.813;-3.760.942;435403,403;4469748,057
AREA DE MAYORES;CARRETERA BOADILLA DEL MONTE nß 34;13255;401012;11066400;0;0;0;0;7;0;0;0;LATINA;CAMPAMENTO;40.399.706;-377.393;434324,0271;4472409,691
AREA DE MAYORES;AVENIDA LAS AGUILAS nß 110;5248;410005;31045343;CONJUNTO MULTIPLE;ARENA;0;0;3;112,964;42,87;AVENIDA LAS AGUILAS, N? 110;LATINA;AGUILAS;40.381.493;-3.778.778;433894,854;4470391,682
AREA DE MAYORES;CALLE CASTROSERNA nß 4;7122;410004;31017760;CONJUNTO MULTIPLE;SOLADO;0;0;3;180,365;53,86;CALLE CASTROSERNA, N? 4;LATINA;LUCERO;40.401.666;-3.749.247;436420,498;4472609,206
AREA DE MAYORES;PLAZA CUACOS DE YUSTE nß 1;7823;410009;20052437;MARQUESINAS;SOLADO;0;0;3;109,798;45,32;PLAZA CUACOS DE YUSTE, N? 1;LATINA;AGUILAS;40.378.329;-3.780.714;433727,403;4470041,966
AREA DE MAYORES;CALLE MARCELINO CASTILLO nß 29;9869;410002;31041698;MARQUESINAS;ARENA;0;0;7;61,637;31,84;PARQUE CERRO ALMODOVAR;LATINA;ALUCHE;40.393.239;-3.745.828;436702,716;4471671,349
AREA DE MAYORES;CALLE VALMOJADO nß 12;3244;410008;31044416;MARQUESINAS;ARENA;0;0;5;62,457;31,65;PARQUE ALUCHE;LATINA;ALUCHE;40.390.283;-3.759.007;435581,427;4471352,724
AREA DE MAYORES;CALLE QUERO nß 59;3243;410001;11065361;MARQUESINAS;ARENA;0;0;7;110,793;43,05;PARQUE ALUCHE;LATINA;ALUCHE;40.390.653;-3.759.897;435506,297;4471394,499
AREA DE MAYORES;CALLE CARAMUEL nß 53;9888;410003;31041297;MARQUESINAS;ARENA;EN PARQUE CARAMUEL;0;7;87,983;37,84;PARQUE CARAMUEL;LATINA;PUERTA DEL ANGEL;40.408.204;-3.729.008;438143,945;4473320,543
AREA DE MAYORES;PASEO LANCEROS nß 2;13011;410011;11066920;MARQUESINAS;ARENA;0;0;5;0;0;0;LATINA;CAMPAMENTO;40.379.526;-3.793.312;432659,1572;4470184,334
AREA DE MAYORES;AVENIDA AVIACION nß 73;12935;410013;11068076;POSTES;ARENA;0;0;7;0;0;0;LATINA;AGUILAS;40.374.802;-3.775.025;434206,8714;4469646,171
AREA DE MAYORES;CALLE RAFAEL FINAT nß 44;11029;410010;31035960;MARQUESINAS;ARENA;0;0;3;0;0;CALLE RAFAEL FINAT, N? 44;LATINA;AGUILAS;40.379.373;-377.091;434560,6184;4470150,489
AREA DE MAYORES;CALLE ESCULTOR PERESEJO nß 70;11032;409008;20063785;0;0;0;0;1;0;0;CALLE ESCULTOR PERESEJO, N? 70;MONCLOA - ARAVACA;ARAVACA;40.453.383;-3.789.886;433023,2321;4478379,848
AREA DE MAYORES;CALLE VIRGEN DE LOS ROSALES nß 102;11033;409009;20102242;0;0;0;0;1;226,693;61,17;CALLE VIRGEN DE LOS ROSALES, N? 102;MONCLOA - ARAVACA;ARAVACA;40.453.343;-378.302;433605,427;4478370,173
AREA DE MAYORES;CALLE CAROLI nß 4;11034;409003;11056909;0;0;0;0;1;0;0;CALLE CAROLI, N? 4;MONCLOA - ARAVACA;ARAVACA;40.458.971;-3.784.598;433477,2067;4478996,073
AREA DE MAYORES;AVENIDA DOCTOR FEDERICO RUBIO Y GALI nß 63;13258;409014;31041696;0;0;0;0;5;0;0;0;MONCLOA - ARAVACA;CIUDAD UNIVERSITARIA;40.453.401;-3.714.224;439438,9511;4478327,239
AREA DE MAYORES;CALLE VALDERREY nß 40;3763;409011;11054879;MARQUESINAS;ARENA;0;0;4;73,548;38,55;CALLE VALDERREY, N? 40;MONCLOA - ARAVACA;VALDEZARZA;40.467.487;-3.720.136;438950,381;4479894,821
AREA DE MAYORES;CALLE ANICETO MARINAS nß 98;3062;409999;31033213;MARQUESINAS;CAUCHO;0;0;3;81,154;37,32;CALLE ANICETO MARINAS, N? 98;MONCLOA - ARAVACA;CASA DE CAMPO;40.428.215;-3.730.631;438024,647;4475542,972
AREA DE MAYORES;CALLE ALCALDE MARTIN DE ALZAGA nß 19;9315;409007;31001534;MARQUESINAS;ARENA;0;0;5;83,073;36,56;CALLE ALCALDE MARTIN DE ALZAGA, N? 19;MONCLOA - ARAVACA;VALDEZARZA;40.463.178;-3.716.549;439250,597;4479413,985
AREA DE MAYORES;CALLE VALDERREY nß 52;10108;409006;31045356;CONUNTO;ARENA;0;0;2;80,805;36,27;CALLE VALDERREY, N? 52;MONCLOA - ARAVACA;VALDEZARZA;40.466.528;-3.718.566;439082,586;4479787,249
AREA DE MAYORES;CALLE VALDERROMAN nß 24;10116;409012;31050681;PEDALES;ARENA;INTERBLOQUES;0;2;43,023;31,42;CALLE VALDERROMAN, N? 24;MONCLOA - ARAVACA;VALDEZARZA;40.470.438;-3.721.022;438877,989;4480223,033
AREA DE MAYORES;AVENIDA VALLADOLID nß 4;12847;409013;31041694;MARQUESINAS;SOLADO;0;0;6;0;0;0;MONCLOA - ARAVACA;CASA DE CAMPO;40.428.462;-3.727.787;438266,0664;4475568,361
AREA DE MAYORES;CALLE GENERAL CADENAS CAMPOS nß 21;10103;409010;11055578;POSTES;ARENA;0;0;5;58,876;43,45;CALLE GENERAL CADENAS CAMPOS, N? 21;MONCLOA - ARAVACA;VALDEZARZA;4.046.111;-3.713.653;439494,251;4479182,535
AREA DE MAYORES;CALLE CAMINO DE LOS VINATEROS nß 107;5177;414999;31046138;CONJUNTO MULTIPLE;ARENA;0;0;5;164,235;51,39;CALLE CAMINO DE LOS VINATEROS, N? 107;MORATALAZ;MARROQUINA;40.409.002;-3.645.639;445218,4612;4473354,107
AREA DE MAYORES;CALLE ARROYO DE LAS PILILLAS nß 41;9518;414001;11101790;MARQUESINAS;ARENA;0;0;7;91,465;43,72;CALLE ARROYO DE LAS PILILLAS, N? 41;MORATALAZ;MEDIA LEGUA;40.406.921;-3.652.124;444666,551;4473127,175
AREA DE MAYORES;CALLE CAMINO DE LOS VINATEROS nß 134;5330;414003;11103187;POSTES;SOLADO;PLAZA ESTANCIAL;0;16;210,371;60,09;CALLE CAMINO DE LOS VINATEROS, N? 134;MORATALAZ;VINATEROS;40.406.608;-3.646.199;445169,0459;4473088,772
AREA DE MAYORES;CALLE ARROYO DE LAS PILILLAS nß 56;12967;414005;20160679;POSTES;SOLADO;0;0;7;0;0;0;MORATALAZ;MARROQUINA;40.407.416;-3.651.413;444727,2406;4473181,737
AREA DE MAYORES;CALLE ARROYO BELINCOSO nß 13;12979;414004;31003213;POSTES;SOLADO;0;0;6;0;0;0;MORATALAZ;MEDIA LEGUA;40.410.272;-3.653.238;444574,7263;4473499,853
AREA DE MAYORES;CALLE FUENTE CARRANTONA nß 4;12949;414006;20098128;POSTES;ARENA;0;0;7;0;0;0;MORATALAZ;PAVONES;4.039.759;-3.638.072;445851,3894;4472082,769
AREA DE MAYORES;CALLE BENJAMIN PALENCIA nß 24;13221;413012;20002314;0;0;0;0;6;0;0;0;PUENTE DE VALLECAS;PORTAZGO;40.394.316;-3.647.478;445050,5045;4471725,187
AREA DE MAYORES;AVENIDA ENTREVIAS nß 50;3929;413003;11089595;MARQUESINAS;ARENA;0;0;5;387,038;78,7;AVENIDA ENTREVIAS, N? 50;PUENTE DE VALLECAS;ENTREV÷AS;40.381.954;-3.668.594;443248,052;4470366,332
AREA DE MAYORES;CALLE MARISMAS nß 61;3603;413009;11099315;MARQUESINAS;SOLADO;0;0;5;139,434;46,49;CALLE MARISMAS, N? 61;PUENTE DE VALLECAS;NUMANCIA;40.401.466;-3.653.072;444581,62;4472522,224
AREA DE MAYORES;CALLE BENJAMIN PALENCIA nß 2;9534;413008;20002299;CONJUNTO MULTIPLE;ARENA;0;0;3;165,767;51,89;PARQUE DEL CERRO DE TIO PIO;PUENTE DE VALLECAS;NUMANCIA;40.396.911;-365.529;444389,684;4472018,034
AREA DE MAYORES;CALLE ESCRITOR nß 4;9540;413001;20003173;MARQUESINAS;ARENA;0;0;6;66,442;35,99;PARQUE AZORIN;PUENTE DE VALLECAS;PALOMERAS BAJAS;40.390.337;-3.655.176;444393,891;4471288,337
AREA DE MAYORES;AVENIDA ALBUFERA nß 290;9544;413005;11096401;MARQUESINAS;SOLADO;0;0;2;218,453;58,43;AVENIDA ALBUFERA, N? 290;PUENTE DE VALLECAS;PALOMERAS SURESTE;40.386.333;-363.918;445748,325;4470833,901
AREA DE MAYORES;CALLE BENALMADENA nß 3;8324;413004;11096501;MARQUESINAS;ARENA;0;0;7;179,466;54,82;CALLE BENALMADENA, N? 3;PUENTE DE VALLECAS;PALOMERAS SURESTE;40.385.462;-3.637.889;445857,206;4470736,406
AREA DE MAYORES;CALLE TORREMOLINOS nß 16;9556;413006;11096290;MARQUESINAS;SOLADO;0;0;4;229,274;60,98;CALLE TORREMOLINOS, N? 16;PUENTE DE VALLECAS;PALOMERAS SURESTE;40.383.859;-3.639.686;445703,432;4470559,571
AREA DE MAYORES;AVENIDA MIGUEL HERNANDEZ nß 100;3234;413007;31055673;CONJUNTO MULTIPLE;ARENA;0;0;6;372,05;90,39;PARQUE LINEAL DE PALOMERAS;PUENTE DE VALLECAS;PALOMERAS SURESTE;40.380.434;-3.646.394;445131,235;4470183,553
AREA DE MAYORES;CALLE MARTINEZ DE LA RIVA nß 101;10000;413002;11094828;MARQUESINAS;SOLADO;0;0;6;74,043;32,98;CALLE MARTINEZ DE LA RIVA, N? 101;PUENTE DE VALLECAS;PALOMERAS BAJAS;40.387.943;-3.664.041;443639,494;4471028,17
AREA DE MAYORES;RONDA SUR nß 119;5425;413010;11090039;MARQUESINA;ARENA;0;0;4;46,149;26,95;MIRADOR DE ENTREVIAS;PUENTE DE VALLECAS;ENTREV÷AS;4.037.836;-3.679.114;442352,055;4469974,162
AREA DE MAYORES;AVENIDA MIGUEL HERNANDEZ nß 11;13001;413013;31045393;POSTES;ARENA;0;0;7;0;0;0;PUENTE DE VALLECAS;PALOMERAS SURESTE;40.388.435;-3.634.255;446167,9949;4471064,274
AREA DE MAYORES;CALLE FELIPE DE DIEGO nß 8;12944;413011;20082184;POSTES;SOLADO;0;0;6;0;0;0;PUENTE DE VALLECAS;PALOMERAS BAJAS;4.037.841;-3.660.184;443958,9954;4469967,625
AREA DE MAYORES;CALLE CERRO NEGRO nß 5;8103;403008;31020470;MARQUESINAS;SOLADO;EN ANTIGUA PISTA PATINAJE;0;10;297,87;69,92;PARQUE CERRO NEGRO;RETIRO;ADELFAS;40.395.784;-3.672.321;442943,383;4471903,772
AREA DE MAYORES;CALLE LUIS PEIDRO nß 17;9065;403010;31041015;SOLO PEDALES;SOLADO;0;0;5;673,53;127,92;CALLE LUIS PEIDRO, N? 17;RETIRO;ADELFAS;40.396.621;-3.672.552;442924,501;4471996,832
AREA DE MAYORES;CALLE ANDALUCIA nß 15;8106;403009;31052577;POSTES;SOLADO;0;0;6;119,43;43,83;CALLE ANDALUCIA, N? 15;RETIRO;ADELFAS;40.401.589;-3.672.374;442943,784;4472548,239
AREA DE MAYORES;CALLE JUAN ESPLANDIU nß 4;5899;403003;31020467;CONJUNTO;ARENA;0;0;2;198,592;57,16;PARQUE DE ROMA;RETIRO;ESTRELLA;4.041.684;-3.661.142;443909,585;4474233,851
AREA DE MAYORES;CALLE FEDERICO MORENO TORROBA nß 9;5994;403007;31022068;SOLO PEDALES;CAUCHO;0;0;2;16,972;21,2;CALLE FEDERICO MORENO TORROBA, N? 9;RETIRO;ADELFAS;40.404.878;-366.673;443425,466;4472909,708
AREA DE MAYORES;CALLE JUAN DE URBIETA nß 50;13047;403011;11013372;POSTES;SOLADO;0;0;7;0;0;0;RETIRO;NI•O JESÈS;40.407.714;-3.674.719;442750,0108;4473229,587
AREA DE MAYORES;CALLE NUEVO BAZTAN nß 6;12916;403012;11011678;POSTES;ARENA;0;0;7;0;0;0;RETIRO;ADELFAS;40.402.813;-3.668.367;443284,8745;4472681,44
AREA DE MAYORES;AVENIDA CIUDAD DE BARCELONA nß 154;12917;403013;20088225;POSTES;ARENA;0;0;6;0;0;0;RETIRO;PAC÷FICO;40.401.745;-3.678.088;442459,0326;4472569,239
AREA DE MAYORES;PLAZA SAN CAYETANO nß 1;13185;404005;31023714;0;0;0;0;5;0;0;0;SALAMANCA;GUINDALERA;40.434.125;-3.670.299;443147,266;4476158,332
AREA DE MAYORES;CALLE RAMON DE AGUINAGA nß 1;6808;404004;11016757;POSTES;HIERBA ARTIFICIAL;EN PARQUE;0;5;342,985;80,4;CALLE RAMON DE AGUINAGA, N? 1;SALAMANCA;FUENTE DEL BERRO;40.427.348;-3.664.883;443601,002;4475402,636
AREA DE MAYORES;CALLE LOS PE•ASCALES nß 7;6798;404001;11016408;MARQUESINAS;SOLADO;AL LADO DE AREA INFANTIL;0;3;0;0;CALLE LOS PE•ASCALES, N? 7;SALAMANCA;FUENTE DEL BERRO;40.423.913;-3.667.015;443417,217;4475022,662
AREA DE MAYORES;CALLE FRANCISCO SILVELA nß 12;3614;404002;11017054;CONJUNTO MULTIPLE;ARENA;PARQUE EVA DUARTE;0;8;291,569;88,22;PARQUE EVA DUARTE DE PERON;SALAMANCA;GUINDALERA;40.429.989;-3.669.748;443190,522;4475698,869
AREA DE MAYORES;AVENIDA BRASILIA nß 6;6968;404003;31026007;CONJUNTO MULTIPLE;ARENA; EN PARQUE AVENIDAS;0;2;89,769;40.04;PARQUE BREOGAN;SALAMANCA;GUINDALERA;40.441.897;-3.660.705;443967,419;4477014,937
AREA DE MAYORES;AVENIDA BRASILIA nß 9;12919;404006;11017831;POSTES;ARENA;0;0;5;0;0;0;SALAMANCA;GUINDALERA;40.436.599;-3.661.342;443909,0444;4476427,199
AREA DE MAYORES;CALLE PRINCIPE DE VERGARA nß 64;12921;404007;31047873;POSTES;SOLADO;0;0;7;0;0;0;SALAMANCA;LISTA;40.433.113;-3.679.097;442400,1262;4476051,709
AREA DE MAYORES;CALLE MANCHESTER nß 30;13073;9900007;20125495;0;0;0;0;8;0;0;0;SAN BLAS - CANILLEJAS;ROSAS;40.430.385;-3.602.439;448900,105;4475701,752
AREA DE MAYORES;AVENIDA CANILLEJAS A VICALVARO nß 135;9666;420011;20145332;CONJUNTO;SOLADO;0;0;7;125,763;46,24;AVENIDA CANILLEJAS A VICALVARO, N? 135;SAN BLAS - CANILLEJAS;ROSAS;40.426.493;-3.610.396;448222,256;4475274,374
AREA DE MAYORES;PASEO GINEBRA nß 20;9517;421001;31049541;ARENA;POSTES;PARQUE;0;7;326,438;74,15;PARQUE PASEO DE GINEBRA;SAN BLAS - CANILLEJAS;ROSAS;40.423.302;-3.602.567;448883,924;4474915,582
AREA DE MAYORES;CALLE MARIA SEVILLA DIAGO nß 2;9763;420008;20075799;CONJUNTO;ARENA;0;0;5;110,528;43,21;CALLE MARIA SEVILLA DIAGO, N? 2;SAN BLAS - CANILLEJAS;ROSAS;40.432.534;-3.611.416;448.140.321;4475945,563
AREA DE MAYORES;PLAZA CEFIRO nß 2;9858;420002;11137168;CONJUNTO;ARENA;0;0;3;207,545;60,48;PLAZA CEFIRO, N? 2;SAN BLAS - CANILLEJAS;CANILLEJAS;40.448.519;-3.608;448442,275;4477717,891
AREA DE MAYORES;CALLE NAVARIDAS nß 11;4949;420010;20090546;PEDALES;ARENA;EN PARQUE;0;8;851,616;130,95;CALLE NAVARIDAS, N? 11;SAN BLAS - CANILLEJAS;REJAS;40.442.378;-3.581.594;450677,029;4477021,098
AREA DE MAYORES;AVENIDA SEXTA nß 4;9938;420006;31010275;POSTES;SOLADO;EN CARRIL BICI;0;5;88,013;43,42;PASO INFERIOR CARRIL BICI - A2;SAN BLAS - CANILLEJAS;REJAS;40.449.279;-3.597.144;449363,421;4477795,962
AREA DE MAYORES;PLAZA GRECIA nß 3;4921;420007;20097009;CONJUNTO MULTIPLE;ARENA;0;0;1;73,517;34,26;PLAZA GRECIA, N? 3;SAN BLAS - CANILLEJAS;ROSAS;40.436.082;-3.607.311;448491,252;4476336,907
AREA DE MAYORES;CALLE LUCANO nß 29;4919;420009;11137656;CONJUNTO MULTIPLE;SOLADO;0;0;4;275,387;67,23;CALLE LUCANO, N? 29;SAN BLAS - CANILLEJAS;CANILLEJAS;40.439.229;-3.610.201;448248,549;4476687,981
AREA DE MAYORES;CALLE ALBAIDA nß 3;3526;420005;31045409;CONJUNTO MULTIPLE;ARENA;0;0;3;112,222;46,97;PARQUE DEL PARAISO;SAN BLAS - CANILLEJAS;HELL÷N;40.431.858;-3.620.282;447387,828;4475875,696
AREA DE MAYORES;CALLE MARSELLA nß 4;12725;0;20144545;MARQUESINAS;ARENA;0;0;474;0;0;0;SAN BLAS - CANILLEJAS;ROSAS;40.420.337;-3.610.298;448225,7793;4474591
AREA DE MAYORES;CALLE NECTAR nß 32;4901;420001;31016901;CONJUNTO;ARENA;0;0;16;165,669;49,16;PARQUE DE CANILLEJAS;SAN BLAS - CANILLEJAS;CANILLEJAS;40.442.674;-3.610.752;448204,45;4477070,713
AREA DE MAYORES;CALLE NUESTRA SE•ORA DEL CARMEN nß 3;13201;406009;20127483;0;0;0;0;8;0;0;0;TETUµN;BERRUGUETE;40.458.027;-3.701.462;440525,1852;4478831,962
AREA DE MAYORES;AVENIDA BRASIL nß 13;3311;406004;11030057;CONJUNTO MULTIPLE;ARENA;0;0;3;117,791;45,07;AVENIDA BRASIL, N? 13;TETUµN;CUATRO CAMINOS;40.455.989;-3.693.673;441183,782;4478600,586
AREA DE MAYORES;CALLE SINESIO DELGADO nß 23;9208;406001;31045419;MARQUESINAS;SOLADO;0;0;6;0;0;PARQUE DE AGUSTIN RODRIGUEZ SAHAGUN;TETUµN;VALDEACEDERAS;40.471.531;-3.705.224;440218,185;4480333,499
AREA DE MAYORES;CALLE VILLAAMIL nß 90;9224;406002;31050938;POSTES;ARENA;0;0;10;505,633;140.37;PARQUE DE AGUSTIN RODRIGUEZ SAHAGUN;TETUµN;VALDEACEDERAS;40.469.152;-3.711.988;439642,649;4480074,03
AREA DE MAYORES;CALLE GOIRI nß 19;3151;406007;31043760;CONJUNTO;ARENA;0;0;3;151,271;49,22;PLAZA POETA LEOPOLDO LUIS;TETUµN;BELLAS VISTAS;40.453.118;-3.704.147;440293,163;4478288,88
AREA DE MAYORES;CALLE SAN RAIMUNDO nß 41;10151;406008;11027980;MARQUESINAS;ARENA;0;0;4;45,635;30,89;CALLE SAN RAIMUNDO, N? 41;TETUµN;BELLAS VISTAS;4.045.165;-3.706.685;440076,601;4478127,691
AREA DE MAYORES;AVENIDA GENERAL PERON nß 9;3980;406003;31047944;CONJUNTO MULTIPLE;ARENA;0;0;6;193,08;60,18;JARDINES DE PERON;TETUµN;CUATRO CAMINOS;40.452.797;-3.697.689;4.408.404.801;4478248,886
AREA DE MAYORES;CALLE ANTONIO GONZALEZ ECHARTE nß 2;11025;406005;11031333;CONJUNTO;CAUCHO;0;0;4;160,265;66,09;CALLE ANTONIO GONZALEZ ECHARTE, N? 2;TETUµN;ALMENARA;40.467.036;-3.691.992;441335,894;4479825,657
AREA DE MAYORES;CALLE SILVINA nß 18;13066;412014;31030008;0;0;0;0;8;0;0;0;USERA;SAN FERM÷N;40.366.161;-369.132;441305,293;4468628,114
AREA DE MAYORES;CALLE ANTONIO LOPEZ nß 237;6355;412005;11080894;MARQUESINAS;SOLADO;0;0;4;256,604;64,08;MEDIANA  DE DOCTOR TOLOSA LATOUR;USERA;ORCASUR;40.380.252;-3.695.957;440923,915;4470195,345
AREA DE MAYORES;CALLE EVANGELIOS nß 2;6360;412003;31004718;MARQUESINAS;SOLADO;0;0;4;412,597;81,19;CALLE EVANGELIOS, N? 2;USERA;ALMENDRALES;40.383.467;-3.700.288;440559,092;4470555,048
AREA DE MAYORES;CALLE CAMINO VIEJO DE VILLAVERDE nß 34;7687;412012;31030369;MARQUESINAS;ARENA;0;0;5;203,638;64,56;PARQUE MESETA DE ORCASITAS;USERA;ORCASITAS;40.367.035;-3.710.408;439685,462;4468737,992
AREA DE MAYORES;CALLE SEGURA nß 3;7730;412007;20094347;CONJUNTO MULTIPLE;ARENA;0;0;7;104,517;43,93;PARQUE C. MAYORES ARTURO PAJUELO;USERA;ORCASITAS;40.367.343;-3.715.705;439236,002;4468775,796
AREA DE MAYORES;CALLE CESTONA nß 84;7760;412006;11080557;MARQUESINAS;ARENA;0;0;5;213,988;65,13;CALLE CESTONA, N? 84;USERA;ORCASITAS;4.037.214;-371.319;439453,802;4469306,596
AREA DE MAYORES;AVENIDA RAFAELA YBARRA nß 43;8176;412001;31012599;MARQUESINAS;ARENA;0;0;5;265,422;65,43;AVENIDA RAFAELA YBARRA, N? 43;USERA;PRADOLONGO;40.381.648;-3.710.901;439656,666;4470360,329
AREA DE MAYORES;CALLE CERECINOS nß 2;2503;412004;11085135;MARQUESINAS;CAUCHO;EN PARQUE;0;3;27,877;23,08;CALLE CERECINOS, N? 2;USERA;ZOF÷O;40.384.689;-3.713.141;439469,224;4470699,477
AREA DE MAYORES;AVENIDA POBLADOS nß 169;3241;412002;31007159;MARQUESINAS;ARENA;0;0;6;96,14;57,13;PARQUE DE PRADOLONGO;USERA;PRADOLONGO;40.371.908;-3.703.943;440238,63;4469274,557
AREA DE MAYORES;CALLE DOCTOR TOLOSA LATOUR nß 18;3240;412002;31045432;MARQUESINAS;ARENA;0;0;6;96,14;57,13;PARQUE DE PRADOLONGO;USERA;PRADOLONGO;40.372.537;-3.703.192;440302,976;4469343,85
AREA DE MAYORES;CALLE EXPROPIACION nß 3;4534;412008;31055824;POSTES;ARENA;0;0;4;245,584;62,64;CALLE EXPROPIACION, N? 3;USERA;ORCASITAS;40.369.814;-3.704.534;440186,665;4469042,446
AREA DE MAYORES;CALLE RICARDO BELTRAN Y ROZPIDE nß 10;10059;412011;20001059;MARQUESINAS;ARENA;0;0;8;148,954;91,85;CALLE RICARDO BELTRAN Y ROZPIDE, N? 10;USERA;ZOF÷O;4.038.277;-37.179;439063,513;4470489,719
AREA DE MAYORES;CALLE DOCTOR TOLOSA LATOUR nß 14;12548;412010;31045430;MARQUESINAS;ARENA;EN PARQUE;0;8;0;0;0;USERA;PRADOLONGO;40.379.694;-3.700.754;440516,2364;4470136,572
AREA DE MAYORES;CALLE GRAN AVENIDA nß 17;12218;412009;31055821;MARQUESINAS;ARENA;0;0;7;0;0;CALLE GRAN AVENIDA, N? 18;USERA;ORCASITAS;4.036.952;-3.709;439807,1934;4469012,819
AREA DE MAYORES;PLAZA PUEBLO nß 2;12982;412013;11081298;POSTES;SOLADO;0;0;7;0;0;0;USERA;ORCASUR;40.367.113;-3.700.665;440512,6875;4.468.740.037
AREA DE MAYORES;CALLE TREN DE ARGANDA nß 9;4607;419003;20107794;MARQUESINAS;ARENA;0;0;6;231,646;67,7;CALLE TREN DE ARGANDA, N? 9;VICALVARO;AMBROZ;4.040.355;-3.617.228;447624,8839;4472731,788
AREA DE MAYORES;CALLE VILLABLANCA nß 1;3542;419002;20002424;CONJUNTO MULTIPLE;ARENA;0;0;4;98,19;40.3;PARQUE DE LA VICALVARADA;VICALVARO;CASCO HIST‡RICO DE VICµLVARO;40.409.708;-3.608.711;448352,3102;4473410,291
AREA DE MAYORES;CALLE LAGO VAN nß 16;13023;0;31011786;POSTES;SOLADO;0;0;;0;0;0;VICALVARO;CASCO HIST‡RICO DE VICµLVARO;4.040.437;-3.605.896;448587,0944;4472816,063
AREA DE MAYORES;CALLE LADERA DE LOS ALMENDROS nß 14;12938;9900016;20151606;POSTES;SOLADO;0;0;8;0;0;0;VICALVARO;AMBROZ;4.040.238;-3.625.065;446958,9611;4472606,552
AREA DE MAYORES;CALLE EZCARAY nß 68;11030;420001;11133405;CONJUNTO MULTIPLE;ARENA;0;0;16;165,669;49,16;CALLE EZCARAY, N? 76;VICALVARO;CASCO HIST‡RICO DE VICµLVARO;40.412.728;-3.614.713;447845,3704;4473749,006
AREA DE MAYORES;CALLE PICO MAMPODRE nß 9;13069;418014;11130466;0;0;0;0;6;0;0;0;VILLA DE VALLECAS;CASCO HIST‡RICO DE VALLECAS;40.377.484;-3.621.209;447266,794;4.469.840.867
AREA DE MAYORES;CALLE VIRGEN DE LAS VI•AS nß 22;9580;418002;31045492;CONJUNTO MULTIPLE;ARENA;0;0;2;54,528;29,73;CALLE VIRGEN DE LAS VI•AS, N? 22;VILLA DE VALLECAS;SANTA EUGENIA;40.380.902;-3.609.143;448293,678;4470213,102
AREA DE MAYORES;CALLE MONTE DE MONTJUICH nß 9;9587;419001;20142445;MARQUESINAS;ARENA;EN PARQUE;0;6;353,723;108,92;CALLE MONTE DE MONTJUICH, N? 9;VILLA DE VALLECAS;SANTA EUGENIA;40.380.665;-3.616.299;447686,043;4470191,017
AREA DE MAYORES;CALLE BABILAFUENTE nß 2;8727;418003;20170570;CONJUNTO;ARENA;0;0;5;77,75;35,1;PARQUE VALLECAS VILLA;VILLA DE VALLECAS;CASCO HIST‡RICO DE VALLECAS;40.372.526;-3.624.454;446987,407;4469292,395
AREA DE MAYORES;CALLE UNANIMIDAD nß 23;7394;417008;20062129;CONJUNTO MULTIPLE;ARENA;0;0;3;304,865;67,97;PARQUE DEL ESPINILLO;VILLAVERDE;LOS ROSALES;40.360.684;-3.684.884;441847,002;4468015,999
AREA DE MAYORES;CALLE ALCARRIA nß 8;8983;417011;11128195;CONJUNTO MULTIPLE;ARENA;0;0;2;193,85;53,58;CALLE ALCARRIA, N? 8;VILLAVERDE;LOS ANGELES;40.348.557;-3.694.307;441036,407;4466676,121
AREA DE MAYORES;CALLE PAN Y TOROS nß 24;9012;417012;11128949;MARQUESINAS;SOLADO;0;0;5;38,213;26,83;CALLE PAN Y TOROS, N? 24;VILLAVERDE;LOS ANGELES;40.359.251;-3.694.885;440996,635;4467863,462
AREA DE MAYORES;CALLE SAN LUCIANO nß 11;9397;417004;31010316;MARQUESINAS;ARENA;0;0;7;319,045;73,48;CALLE SAN LUCIANO, N? 11;VILLAVERDE;LOS ANGELES;40.363.369;-3.697.943;440740.52;4468322,608
AREA DE MAYORES;CALLE LA CANCION DEL OLVIDO nß 20;9412;417010;31009925;POSTES;ARENA;0;0;8;142,866;50,31;CALLE LA CANCION DEL OLVIDO, N? 20;VILLAVERDE;LOS ANGELES;40.361.514;-3.700.151;440551,435;4468118,277
AREA DE MAYORES;CALLE LA DEL MANOJO DE ROSAS nß 96;9369;417013;11128593;POSTES;SOLADO;0;0;5;86,846;38,55;CALLE LA DEL MANOJO DE ROSAS, N? 96;VILLAVERDE;LOS ANGELES;40.354.566;-3.698.786;440661,223;4467346,106
AREA DE MAYORES;CALLE LA DEL MANOJO DE ROSAS nß 69;9387;417002;31037735;MARQUESINAS;ARENA;0;0;5;150,437;49,42;PARQUE DE CIUDAD DE LOS ANGELES;VILLAVERDE;LOS ANGELES;40.354.744;-3.696.534;440852,646;4467364,323
AREA DE MAYORES;CALLE ALCOCER nß 26;9617;417014;31002165;MARQUESINAS;AREANA;INTERBLOQUES;0;4;129,48;46,23;CALLE ALCOCER, N? 26;VILLAVERDE;LOS ANGELES;40.350.088;-3.698.149;440711,4;4466848,606
AREA DE MAYORES;PASEO ALBERTO PALACIOS nß 1;9618;417007;11124172;CONJUNTO;SOLADO;MEDIANA;0;2;0;0;PASEO ALBERTO PALACIOS, N? 1;VILLAVERDE;SAN ANDRêS;40.346.363;-3.709.341;439757,683;4466442,68
AREA DE MAYORES;PLAZA PINAZO nß 9;6018;417001;11126203;MARQUESINAS;SOLADO;0;0;6;0;0;PLAZA PINAZO, N? 9;VILLAVERDE;SAN CRISTOBAL;40.342.614;-3.691.296;441286,9374;4466014,459
AREA DE MAYORES;CALLE GODELLA nß 102;11027;417006;31010268;MARQUESINAS;SOLADO;0;0;15;0;0;CALLE GODELLA, N? 102;VILLAVERDE;SAN CRISTOBAL;40.340.829;-3.688.864;441491,9524;4465814,735
AREA DE MAYORES;CALLE BURJASOT nß 1;6050;417003;31041863;MARQUESINAS;ARENA;0;0;9;0;0;PARQUE DEHESA BOYAL;VILLAVERDE;SAN CRISTOBAL;40.346.299;-3.685.402;441790,691;4466419,624
AREA DE MAYORES;CALLE SANTIAGO AMON nß 2;8979;417005;20047449;MARQUESINAS;ARENA;0;0;3;200,85;55,67;PARQUE DEL CRUCE;VILLAVERDE;LOS ANGELES;40.350.625;-3.693.841;441077,771;4466905,388
AREA DE MAYORES;CALLE ASTILLERO nß 5;12813;417015;20040356;POSTES;SOLADO;0;0;5;0;0;0;VILLAVERDE;SAN ANDRêS;40.343.005;-3.714.007;439358,3433;4466073,124
AREA DE MAYORES;CALLE VILLALONSO nß 18;12840;417006;20093322;POSTES;SOLADO;0;0;15;0;0;0;VILLAVERDE;SAN ANDRêS;40.349.662;-3.711.366;439588,5944;4466810,254
